target_temp_type,author,year,journal,endpoint,target_temp_degrees_C,se_target_temp_degrees_c,daily_survival_percent,daily_survival_prob,accumulated_degree_hours_above_acc_temp,swimspeed_bodylengths_per_second,n,mass_g,se_mass_g,total_length_cm,se_total_length_cm,acclimation_temp_C,temp_increase_rate_degreesC_per_hour,species,run,life_stage,wild_or_hatchery,ration_percent_of_satiation,salinity (g/liter),river of origin,data_quality,fork_length_cm,se_fork_length_cm,hours spent increasing temp,total_duration_hours,degree_hours_per_hour,median_resistance_time_minutes,total_duration_days,hours_spent_at_max_temp,ration_percent_body_weight,whole_duration_survival_prob,days_spent_at_max_temperature,inverse_of_days_at_max_temperature,whole_duration_deformity_prob,time_at_50_percent_hatch_hours,estimated_time_of_100_percent_hatch_hours,daily_deformity_prob,endogenous_or_exogenous
CTM,Sardella,2008,"	J. Exp. Zool.",cessation of ventilation,33.7,0.08,0,0,6.846944444,-9999,6,58.4,2.5,-9999,-9999,18,18,Acipenser medirostris,,juvenile,hatchery,-9999,0.5,NA,1,-9999,-9999,0.872222222,0.872222222,7.85,-9999,0.036342593,-9999,-9999,-9999,-9999,-9999,-9999,-9999,-9999,-9999,exogenous
CTM,Sardella,2008,"	J. Exp. Zool.",cessation of ventilation,34.2,0.09,0,0,7.29,-9999,6,58.4,2.5,-9999,-9999,18,18,Acipenser medirostris,,juvenile,hatchery,-9999,10,NA,1,-9999,-9999,0.9,0.9,8.1,-9999,0.0375,-9999,-9999,-9999,-9999,-9999,-9999,-9999,-9999,-9999,exogenous
CTM,Sardella,2008,"	J. Exp. Zool.",cessation of ventilation,33.7,0.1,0,0,6.846944444,-9999,6,58.4,2.5,-9999,-9999,18,18,Acipenser medirostris,,juvenile,hatchery,-9999,24,NA,1,-9999,-9999,0.872222222,0.872222222,7.85,-9999,0.036342593,-9999,-9999,-9999,-9999,-9999,-9999,-9999,-9999,-9999,exogenous
CTM,Verhille,2015,Environ. Biol. Fish,cessation of ventilation,34.5,0.2,0,0,6.890625,-9999,7,56.2,0.4,-9999,-9999,18.75,18,Acipenser medirostris,NA,juvenile,hatchery,12.5,-9999,Klamath,1,-9999,-9999,0.875,0.875,7.875,-9999,0.036458333,0,0.25,0,0,-9999,-9999,-9999,-9999,-9999,exogenous
CTM,Verhille,2015,Environ. Biol. Fish,cessation of ventilation,34.5,0.2,0,0,6.890625,-9999,7,62.1,0.3,-9999,-9999,18.75,18,Acipenser medirostris,NA,juvenile,hatchery,25,-9999,Klamath,1,-9999,-9999,0.875,0.875,7.875,-9999,0.036458333,0,0.5,0,0,-9999,-9999,-9999,-9999,-9999,exogenous
CTM,Verhille,2015,Environ. Biol. Fish,cessation of ventilation,34.4,0.1,0,0,6.803402778,-9999,7,72.8,0.7,-9999,-9999,18.75,18,Acipenser medirostris,NA,juvenile,hatchery,50,-9999,Klamath,1,-9999,-9999,0.869444444,0.869444444,7.825,-9999,0.036226852,0,1,0,0,-9999,-9999,-9999,-9999,-9999,exogenous
CTM,Verhille,2015,Environ. Biol. Fish,cessation of ventilation,34.1,0.1,0,0,6.545069444,-9999,7,89.7,2.2,-9999,-9999,18.75,18,Acipenser medirostris,NA,juvenile,hatchery,100,-9999,Klamath,1,-9999,-9999,0.852777778,0.852777778,7.675,-9999,0.035532407,0,2,0,0,-9999,-9999,-9999,-9999,-9999,exogenous
temperature rise and hold,Allen,2006,Can. J. Fish. Aquat. Sci.,NA,24,-9999,100,1,300,1.450140056,11,203.6,19,35.7,1.2,19,0.041666667,Acipenser medirostris,NA,juvenile,wild,-9999,-9999,Klamath,1,32.69230769,1.098901099,120,750,0.4,-9999,31.25,630,-9999,100,26.25,0.038095238,-9999,-9999,-9999,-9999,exogenous
CTM,Rodgers,2018,J. Therm. Biol.,loss of equilibirum,29.28828829,-9999,0,0,5.670977284,-9999,1,5.6,1.5,-9999,-9999,15,18,Acipenser Medirostris,NA,juvenile,wild,-9999,-9999,Klamath,1,-9999,-9999,0.793793794,73.79379379,7.144144144,-9999,3.074741408,0,-9999,0,0,-9999,-9999,-9999,-9999,-9999,exogenous
CTM,Rodgers,2018,J. Therm. Biol.,loss of equilibirum,30.0990991,-9999,0,0,6.332855378,-9999,1,5.6,1.5,-9999,-9999,15,18,Acipenser Medirostris,NA,juvenile,wild,-9999,-9999,Klamath,1,-9999,-9999,0.838838839,73.83883884,7.54954955,-9999,3.076618285,0,-9999,0,0,-9999,-9999,-9999,-9999,-9999,exogenous
CTM,Rodgers,2018,J. Therm. Biol.,loss of equilibirum,30.0990991,-9999,0,0,6.332855378,-9999,1,5.6,1.5,-9999,-9999,15,18,Acipenser Medirostris,NA,juvenile,wild,-9999,-9999,Klamath,1,-9999,-9999,0.838838839,73.83883884,7.54954955,-9999,3.076618285,0,-9999,0,0,-9999,-9999,-9999,-9999,-9999,exogenous
CTM,Rodgers,2018,J. Therm. Biol.,loss of equilibirum,30.16666667,-9999,0,0,6.389660494,-9999,1,5.6,1.5,-9999,-9999,15,18,Acipenser Medirostris,NA,juvenile,wild,-9999,-9999,Klamath,1,-9999,-9999,0.842592593,73.84259259,7.583333333,-9999,3.076774691,0,-9999,0,0,-9999,-9999,-9999,-9999,-9999,exogenous
CTM,Rodgers,2018,J. Therm. Biol.,loss of equilibirum,30.39189189,-9999,0,0,6.580842667,-9999,1,5.6,1.5,-9999,-9999,15,18,Acipenser Medirostris,NA,juvenile,wild,-9999,-9999,Klamath,1,-9999,-9999,0.855105105,73.85510511,7.695945946,-9999,3.077296046,0,-9999,0,0,-9999,-9999,-9999,-9999,-9999,exogenous
CTM,Rodgers,2018,J. Therm. Biol.,loss of equilibirum,30.68468468,-9999,0,0,6.833592602,-9999,1,5.6,1.5,-9999,-9999,15,18,Acipenser Medirostris,NA,juvenile,wild,-9999,-9999,Klamath,1,-9999,-9999,0.871371371,73.87137137,7.842342342,-9999,3.077973807,0,-9999,0,0,-9999,-9999,-9999,-9999,-9999,exogenous
CTM,Rodgers,2018,J. Therm. Biol.,loss of equilibirum,30.68468468,-9999,0,0,6.833592602,-9999,1,5.6,1.5,-9999,-9999,15,18,Acipenser Medirostris,NA,juvenile,wild,-9999,-9999,Klamath,1,-9999,-9999,0.871371371,73.87137137,7.842342342,-9999,3.077973807,0,-9999,0,0,-9999,-9999,-9999,-9999,-9999,exogenous
CTM,Rodgers,2018,J. Therm. Biol.,loss of equilibirum,31,-9999,0,0,7.111111111,-9999,1,5.6,1.5,-9999,-9999,15,18,Acipenser Medirostris,NA,juvenile,wild,-9999,-9999,Klamath,1,-9999,-9999,0.888888889,73.88888889,8,-9999,3.078703704,0,-9999,0,0,-9999,-9999,-9999,-9999,-9999,exogenous
CTM,Rodgers,2018,J. Therm. Biol.,loss of equilibirum,31.58558559,-9999,0,0,7.641156923,-9999,1,5.6,1.5,-9999,-9999,15,18,Acipenser Medirostris,NA,juvenile,wild,-9999,-9999,Klamath,1,-9999,-9999,0.921421421,73.92142142,8.292792793,-9999,3.080059226,0,-9999,0,0,-9999,-9999,-9999,-9999,-9999,exogenous
CTM,Rodgers,2018,J. Therm. Biol.,loss of equilibirum,31.4954955,-9999,0,0,7.558371434,-9999,1,5.6,1.5,-9999,-9999,15,18,Acipenser Medirostris,NA,juvenile,wild,-9999,-9999,Klamath,1,-9999,-9999,0.916416416,73.91641642,8.247747748,-9999,3.079850684,0,-9999,0,0,-9999,-9999,-9999,-9999,-9999,exogenous
CTM,Rodgers,2018,J. Therm. Biol.,loss of equilibirum,32.19369369,-9999,0,0,8.211752856,-9999,1,5.6,1.5,-9999,-9999,15,18,Acipenser Medirostris,NA,juvenile,wild,-9999,-9999,Klamath,1,-9999,-9999,0.955205205,73.95520521,8.596846847,-9999,3.081466884,0,-9999,0,0,-9999,-9999,-9999,-9999,-9999,exogenous
survival at hatch,Joel P. Van Eenennaam,2005,Environ. Biol. Fishes,hatch,11,-9999,93.9477322,0.939477322,0,-9999,700,-9999,-9999,-9999,-9999,14,4,Acipenser medirostris,NA,egg,wild,-9999,-9999,Klamath,1,-9999,-9999,0.75,463.5820896,0,-9999,19.3159204,462.8320896,-9999,0.3,19.2846704,0.051854659,0.037,231.7910448,463.5820896,0.842858341,endogenous
survival at hatch,Joel P. Van Eenennaam,2005,Environ. Biol. Fishes,hatch,14,-9999,93.22423276,0.932242328,0,-9999,700,-9999,-9999,-9999,-9999,14,4,Acipenser medirostris,NA,egg,wild,-9999,-9999,Klamath,1,-9999,-9999,0,322.0895522,0,-9999,13.42039801,322.0895522,-9999,0.39,13.42039801,0.074513438,0.012,161.0447761,322.0895522,0.719238936,endogenous
survival at hatch,Joel P. Van Eenennaam,2005,Environ. Biol. Fishes,hatch,17,-9999,89.76180236,0.897618024,682.1585821,-9999,700,-9999,-9999,-9999,-9999,14,4,Acipenser medirostris,NA,egg,wild,-9999,-9999,Klamath,1,-9999,-9999,0.75,227.761194,2.995060616,-9999,9.490049751,227.011194,-9999,0.36,9.458799751,0.105721659,0.103,113.880597,227.761194,0.786385531,endogenous
survival at hatch,Joel P. Van Eenennaam,2005,Environ. Biol. Fishes,hatch,20,-9999,84.70728343,0.847072834,993.1119403,-9999,700,-9999,-9999,-9999,-9999,14,4,Acipenser medirostris,NA,egg,wild,-9999,-9999,Klamath,1,-9999,-9999,1.5,166.2686567,5.972935368,-9999,6.927860697,164.7686567,-9999,0.32,6.865360697,0.145658771,0.516,83.13432836,166.2686567,0.908123488,endogenous
survival at hatch,Joel P. Van Eenennaam,2005,Environ. Biol. Fishes,hatch,23,-9999,-9999,-9999,-9999,-9999,700,-9999,-9999,-9999,-9999,14,4,Acipenser medirostris,NA,egg,wild,-9999,-9999,Klamath,1,-9999,-9999,2.25,-9999,-9999,-9999,-9999,-9999,-9999,0,-9999,-9999,-9999,-9999,-9999,-9999,endogenous
survival at hatch,Joel P. Van Eenennaam,2005,Environ. Biol. Fishes,hatch,26,-9999,-9999,-9999,-9999,-9999,700,-9999,-9999,-9999,-9999,14,4,Acipenser medirostris,NA,egg,wild,-9999,-9999,Klamath,1,-9999,-9999,3,-9999,-9999,-9999,-9999,-9999,-9999,0,-9999,-9999,-9999,-9999,-9999,-9999,endogenous
survival at hatch,Joel P. Van Eenennaam,2005,Environ. Biol. Fishes,hatch,16,-9999,94.95203654,0.949520365,0,-9999,240,-9999,-9999,-9999,-9999,16,4,Acipenser medirostris,NA,egg,wild,-9999,-9999,Klamath,1,-9999,-9999,0,271.641791,0,-9999,11.31840796,271.641791,-9999,0.556396396,11.31840796,0.088351648,0.010917031,135.8208955,271.641791,0.670908511,endogenous
survival at hatch,Joel P. Van Eenennaam,2005,Environ. Biol. Fishes,hatch,17.5,-9999,93.53123891,0.935312389,338.6739739,-9999,240,-9999,-9999,-9999,-9999,16,4,Acipenser medirostris,NA,egg,wild,-9999,-9999,Klamath,1,-9999,-9999,0.375,225.9701493,1.498755367,-9999,9.415422886,225.5951493,-9999,0.533333333,9.399797886,0.106385266,0.089519651,112.9850746,225.9701493,0.773569891,endogenous
survival at hatch,Joel P. Van Eenennaam,2005,Environ. Biol. Fishes,hatch,19,-9999,92.13370712,0.921337071,589.9197761,-9999,240,-9999,-9999,-9999,-9999,16,4,Acipenser medirostris,NA,egg,wild,-9999,-9999,Klamath,1,-9999,-9999,0.75,197.0149254,2.994289773,-9999,8.208955224,196.2649254,-9999,0.511711712,8.177705224,0.122283694,0.34279476,98.50746269,197.0149254,0.877288147,endogenous
survival at hatch,Joel P. Van Eenennaam,2005,Environ. Biol. Fishes,hatch,20.5,-9999,86.20062896,0.86200629,768.5135261,-9999,240,-9999,-9999,-9999,-9999,16,4,Acipenser medirostris,NA,egg,wild,-9999,-9999,Klamath,1,-9999,-9999,1.125,171.3432836,4.485227025,-9999,7.139303483,170.2182836,-9999,0.348828829,7.092428483,0.140995429,0.558951965,85.67164179,171.3432836,0.921257332,endogenous
survival at hatch,Joel P. Van Eenennaam,2005,Environ. Biol. Fishes,hatch,22,-9999,0,0,942.9626866,-9999,240,-9999,-9999,-9999,-9999,16,4,Acipenser medirostris,NA,egg,wild,-9999,-9999,Klamath,2,-9999,-9999,1.5,157.9104478,5.971502836,-9999,6.57960199,156.4104478,-9999,0,6.51710199,0.153442435,0.991266376,78.95522388,157.9104478,0.998654911,endogenous
survival at hatch,Joel P. Van Eenennaam,2005,Environ. Biol. Fishes,hatch,23.5,-9999,-9999,-9999,-9999,-9999,240,-9999,-9999,-9999,-9999,16,4,Acipenser medirostris,NA,egg,wild,-9999,-9999,Klamath,1,-9999,-9999,1.875,-9999,-9999,-9999,-9999,-9999,-9999,0,-9999,-9999,-9999,-9999,-9999,-9999,endogenous
survival at hatch,Joel P. Van Eenennaam,2005,Environ. Biol. Fishes,hatch,16,-9999,95.25792509,0.952579251,0,-9999,240,-9999,-9999,-9999,-9999,16,4,Acipenser medirostris,NA,egg,wild,-9999,-9999,Klamath,1,-9999,-9999,0,271.641791,0,-9999,11.31840796,271.641791,-9999,0.577024482,11.31840796,0.088351648,0,135.8208955,271.641791,0,endogenous
survival at hatch,Joel P. Van Eenennaam,2005,Environ. Biol. Fishes,hatch,17.5,-9999,94.39632251,0.943963225,338.6739739,-9999,240,-9999,-9999,-9999,-9999,16,4,Acipenser medirostris,NA,egg,wild,-9999,-9999,Klamath,1,-9999,-9999,0.375,225.9701493,1.498755367,-9999,9.415422886,225.5951493,-9999,0.581544256,9.399797886,0.106385266,0.032751092,112.9850746,225.9701493,0.695091375,endogenous
survival at hatch,Joel P. Van Eenennaam,2005,Environ. Biol. Fishes,hatch,19,-9999,93.4372184,0.934372184,589.9197761,-9999,240,-9999,-9999,-9999,-9999,16,4,Acipenser medirostris,NA,egg,wild,-9999,-9999,Klamath,1,-9999,-9999,0.75,197.0149254,2.994289773,-9999,8.208955224,196.2649254,-9999,0.574011299,8.177705224,0.122283694,0.133187773,98.50746269,197.0149254,0.78151311,endogenous
survival at hatch,Joel P. Van Eenennaam,2005,Environ. Biol. Fishes,hatch,20.5,-9999,92.81011994,0.928101199,768.5135261,-9999,240,-9999,-9999,-9999,-9999,16,4,Acipenser medirostris,NA,egg,wild,-9999,-9999,Klamath,1,-9999,-9999,1.125,171.3432836,4.485227025,-9999,7.139303483,170.2182836,-9999,0.589077213,7.092428483,0.140995429,0.227074236,85.67164179,171.3432836,0.811376848,endogenous
survival at hatch,Joel P. Van Eenennaam,2005,Environ. Biol. Fishes,hatch,22,-9999,84.11622797,0.84116228,942.9626866,-9999,240,-9999,-9999,-9999,-9999,16,4,Acipenser medirostris,NA,egg,wild,-9999,-9999,Klamath,1,-9999,-9999,1.5,157.9104478,5.971502836,-9999,6.57960199,156.4104478,-9999,0.323917137,6.51710199,0.153442435,0.783842795,78.95522388,157.9104478,0.963319243,endogenous
survival at hatch,Joel P. Van Eenennaam,2005,Environ. Biol. Fishes,hatch,23.5,-9999,-9999,-9999,-9999,-9999,240,-9999,-9999,-9999,-9999,16,4,Acipenser medirostris,NA,egg,wild,-9999,-9999,Klamath,1,-9999,-9999,1.875,-9999,-9999,-9999,-9999,-9999,-9999,0,-9999,-9999,-9999,-9999,-9999,-9999,endogenous
survival to yolk resorption (stage 45),Linares,2013,J. Appl. Ichthyol.,stage 45 (yolk sac depletion),18,-9999,99.90084787,0.999008479,0,-9999,100,-9999,-9999,-9999,-9999,18,2,Acipenser medirostris,NA,larva,wild,-9999,NA,Klamath,1,-9999,-9999,0,267.6,0,16056,11.15,267.6,-9999,0.989,11.15,0.089686099,0.008403361,-9999,-9999,0.000756563,endogenous
survival to yolk resorption (stage 45),Linares,2013,J. Appl. Ichthyol.,stage 45 (yolk sac depletion),20,-9999,99.88856065,0.998885607,477.16,-9999,100,-9999,-9999,-9999,-9999,18,2,Acipenser medirostris,NA,larva,wild,-9999,NA,Klamath,1,-9999,-9999,1,239.08,1.9958173,14344.8,9.961666667,238.08,-9999,0.989,9.92,0.100806452,0.018907563,-9999,-9999,0.001922403,endogenous
survival to yolk resorption (stage 45),Linares,2013,J. Appl. Ichthyol.,stage 45 (yolk sac depletion),22,-9999,99.82892164,0.998289216,908.32,-9999,100,-9999,-9999,-9999,-9999,18,2,Acipenser medirostris,NA,larva,wild,-9999,NA,Klamath,1,-9999,-9999,2,228.08,3.982462294,13684.8,9.503333333,226.08,-9999,0.984,9.42,0.106157113,0.205882353,-9999,-9999,0.024174721,endogenous
survival to yolk resorption (stage 45),Linares,2013,J. Appl. Ichthyol.,stage 45 (yolk sac depletion),24,-9999,99.79838163,0.997983816,1305,-9999,100,-9999,-9999,-9999,-9999,18,2,Acipenser medirostris,NA,larva,wild,-9999,NA,Klamath,1,-9999,-9999,3,219,5.95890411,13140,9.125,216,-9999,0.982,9,0.111111111,0.321428571,-9999,-9999,0.042170085,endogenous
survival to yolk resorption (stage 45),Linares,2013,J. Appl. Ichthyol.,stage 45 (yolk sac depletion),26,-9999,99.30389938,0.993038994,1600,-9999,100,-9999,-9999,-9999,-9999,18,2,Acipenser medirostris,NA,larva,wild,-9999,NA,Klamath,1,-9999,-9999,4,202,7.920792079,12120,8.416666667,198,-9999,0.944,8.25,0.121212121,0.357142857,-9999,-9999,0.052146652,endogenous
survival to yolk resorption (stage 45),Werner,2007,Environ. Biol. Fish,stage 45 (yolk resorption),17,-9999,99.96420254,0.999642025,0,-9999,500,-9999,-9999,-9999,-9999,17,1.5,Acipenser medirostris,NA,larva,wild,-9999,-9999,Klamath,1,-9999,-9999,0,336,0,20160,14,336,-9999,0.995,14,-9999,0.073,-9999,-9999,0.005399777,endogenous
survival to yolk resorption (stage 45),Werner,2007,Environ. Biol. Fish,stage 45 (yolk resorption),26,-9999,99.74066702,0.99740667,2133,-9999,500,-9999,-9999,-9999,-9999,17,1.5,Acipenser medirostris,NA,larva,wild,-9999,-9999,Klamath,1,-9999,-9999,6,240,8.8875,14400,10,234,-9999,0.975,9.75,-9999,0.252,-9999,-9999,0.029340676,endogenous
survival to yolk resorption (stage 45),Werner,2007,Environ. Biol. Fish,stage 45 (yolk resorption),21.5,-9999,99.77216663,0.997721666,702,-9999,500,-9999,-9999,-9999,-9999,17,1.5,Acipenser medirostris,NA,larva,wild,-9999,-9999,Klamath,1,-9999,-9999,6,288,2.4375,17280,12,72,-9999,0.973,3,-9999,0.165,-9999,-9999,0.014914621,endogenous
temperature rise and hold,Allen (b),2006,Can. J. Fish. Aquat. Sci.,end of experiment,24.3,0.08,100,1,0,1.45,11,203.6,19,35.7,1.2,24.3,0,Acipenser medirostris,NA,juvenile,wild,100,-9999,Klamath,1,-9999,-9999,0,630,0,-9999,26.25,630,-9999,100,26.25,0.038095238,0,-9999,-9999,0,exogenous
temperature rise,Grans,2008,Hydrobiol.,end of experiment,26,-9999,100,1,9.8,-9999,1,3.3,0,-9999,-9999,19,2.5,Acipenser medirostris,NA,juvenile,descendant of wild,-9999,-9999,Klamath,1,-9999,-9999,2.8,2.8,3.5,-9999,0.116666667,-9999,4,1,-9999,-9999,-9999,-9999,-9999,-9999,exogenous
temperature rise,Grans,2009,Hydrobiol.,end of experiment,26,-9999,100,1,9.8,-9999,1,3.6,0,-9999,-9999,19,2.5,Acipenser medirostris,NA,juvenile,descendant of wild,-9999,-9999,Klamath,1,-9999,-9999,2.8,2.8,3.5,-9999,0.116666667,-9999,4,1,-9999,-9999,-9999,-9999,-9999,-9999,exogenous
temperature rise,Grans,2010,Hydrobiol.,end of experiment,26,-9999,100,1,9.8,-9999,1,4.2,0,-9999,-9999,19,2.5,Acipenser medirostris,NA,juvenile,descendant of wild,-9999,-9999,Klamath,1,-9999,-9999,2.8,2.8,3.5,-9999,0.116666667,-9999,4,1,-9999,-9999,-9999,-9999,-9999,-9999,exogenous
