year,parameter,parameter methods,author,journal,n,swimspeed_cm_persecond,sd_swimspeed_cm_persecond,se_swimspeed_cm_persecond,swimspeed_BL,sd_swimspeed_BL,se_swimspeed_BL,temperature_C,species,race,life stage,notes,mass_g,sd_mass_g,se_mass_g,SL_cm,sd_SL,se_SL,TL_cm,sd_TL,se_TL,ration_percent,FL_cm,sd_FL_cm,se_FL_cm,FL_mm,hatchery_or_wild,data_quality,max_mr_mg_o2_per_hour,max_vO2_umol_per_min_per_kg,fish_ID,tag,specific_fishID
1999,Ucrit,"Steelhead and chinook salmon aerobic swimming performance was assessed by measuring thereplicates per steelhead treatment; 11 to 15 replicates per chinook salmon treatment) in a
152-L Brett-type swimming flume (modified from Bell and Terhune's 1970 design). Fatigue
was taken as the point where the fish would not move off the rear screen of the swimming
flume, even after reductions in current velocity and gentle prodding with a nylon rod. We
used a short lO-min interval and a 1 BL s' velocity increment because we were solely
concerned with a comparative measure of swimming performance (Hammer 1995). We
accounted for fish size differences by dividing the Dcrit by the TL, giving the length-specific
Ucrit in BL s"". Differences among steelhead critical swimming velocities and morphometries
(fish length and weight) were detected using ANOV A. Student's t-tests were used to detect
differences among chinook salmon mean treatment Ucrit and morphometric values
critical swimming velocity (Uent) (Brett 1964) of individual 24-h-fasted fish (7 to 10",Myrick and Cech,UC Berkeley Technical Report,15,61,NA,0.02,5.495495495,NA,0.001801802,19,Oncorhynchus tshawytscha,Nimbus strain,juvenile,normal ration,15.7,NA,1.6,NA,NA,NA,11.1,NA,0.41,100,NA,NA,NA,NA,hatchery,1,,,1,Myri,1Myri
1999,Ucrit,"Steelhead and chinook salmon aerobic swimming performance was assessed by measuring thereplicates per steelhead treatment; 11 to 15 replicates per chinook salmon treatment) in a
152-L Brett-type swimming flume (modified from Bell and Terhune's 1970 design). Fatigue
was taken as the point where the fish would not move off the rear screen of the swimming
flume, even after reductions in current velocity and gentle prodding with a nylon rod. We
used a short lO-min interval and a 1 BL s' velocity increment because we were solely
concerned with a comparative measure of swimming performance (Hammer 1995). We
accounted for fish size differences by dividing the Dcrit by the TL, giving the length-specific
Ucrit in BL s"". Differences among steelhead critical swimming velocities and morphometries
(fish length and weight) were detected using ANOV A. Student's t-tests were used to detect
differences among chinook salmon mean treatment Ucrit and morphometric values
critical swimming velocity (Uent) (Brett 1964) of individual 24-h-fasted fish (7 to 10",Myrick and Cech,UC Berkeley Technical Report,11,51,NA,0.02,6.8,NA,0.002666667,19,Oncorhynchus tshawytscha,Nimbus strain,juvenile,lower ration,3.8,NA,0.52,NA,NA,NA,7.5,NA,0.32,25,NA,NA,NA,NA,hatchery,1,,,2,Myri,2Myri
2003,Ucrit,see README,Geist et al.,J. Fish Biol.,9,140.2,16.9,5.633333333,1.856953642,0.22384106,0.074613687,12.5,Oncorhyncus tshawytscha,NA,adult,CRRL,5100,600,200,NA,NA,NA,78.067,3.8258,1.275266667,NA,75.5,3.7,1.233333333,755,hatchery,1,NA,,1,Geis,1Geis
2003,Ucrit,see README,Geist et al.,J. Fish Biol.,22,164.8,18.6,3.965533324,2.182781457,0.246357616,0.05252362,12.5,Oncorhyncus tshawytscha,NA,adult,PNNL,5100,600,127.9204298,NA,NA,NA,78.067,3.8258,0.815663301,NA,75.5,3.7,0.788842651,755,hatchery,1,NA,,2,Geis,2Geis
1993,Ucrit,see README,Thorarensen et al.,J. Exp. Biol.,10,85.5,6.008327554,1.9,2.821782178,0.198294639,0.062706271,10,Oncorhyncus tshawytscha,,adult,LS,368,151,30.2,NA,NA,NA,30.3,1.7,0.34,100,29.30367505,1.64410058,0.328820116,293.0367505,hatchery,1,204.9024,290,1,Thor,1Thor
1993,Ucrit,see README,Thorarensen et al.,J. Exp. Biol.,10,87.5,6.957010852,2.2,2.906976744,0.231129929,0.073089701,10,Oncorhyncus tshawytscha,,adult,HS,362,72.86295355,15.9,NA,NA,NA,30.1,1.64972725,0.36,100,29.11025145,1.5954809,0.348162476,291.1025145,hatchery,1,222.343296,319.9,2,Thor,2Thor
2006,Ucrit,See README,Thorarensen and Farrell,Physiol. and Biochem. Zool.,11,74.6,8.623224455,2.6,2.2,0.331662479,0.1,9.5,Oncorhyncus tshawytscha,,adult,fasted,520,99.49874371,30,NA,NA,NA,33.7,,0.5,fasted,32.5879,NA,NA,NA,hatchery,1,254.592,255,3,Thor,3Thor
2006,Ucrit,See README,Thorarensen and Farrell,Physiol. and Biochem. Zool.,11,73.4,12.27151172,3.7,2.2,0.331662479,0.1,9.5,Oncorhyncus tshawytscha,,adult,63 post prandial,520,99.49874371,30,NA,NA,NA,33.7,,0.5,fasted,32.5879,NA,NA,NA,hatchery,1,265.5744,266,4,Thor,4Thor
2017,Ucrit,see README,Lehman et al.,Trans. Amer. Fish. Soc.,1,47.836327,,NA,6.5159679,NA,NA,13.5,Oncorhyncus tshawytscha,,,see fishtag for river or lab treatment,NA,NA,NA,NA,NA,NA,7.3414,NA,NA,NA,NA,NA,NA,NA,hatchery,1,NA,NA,10,Lehm,10in_lab
2017,Ucrit,see README,Lehman et al.,Trans. Amer. Fish. Soc.,1,48.429538,,NA,6.5967715,NA,NA,15.4,Oncorhyncus tshawytscha,,,see fishtag for river or lab treatment,NA,NA,NA,NA,NA,NA,7.3414,NA,NA,NA,NA,NA,NA,NA,hatchery,1,NA,NA,10,Lehm,10in_river
2017,Ucrit,see README,Lehman et al.,Trans. Amer. Fish. Soc.,1,65.103794,,NA,8.3950733,NA,NA,13.93333,Oncorhyncus tshawytscha,,,see fishtag for river or lab treatment,NA,NA,NA,NA,NA,NA,7.755,NA,NA,NA,NA,NA,NA,NA,hatchery,1,NA,NA,11,Lehm,11in_lab
2017,Ucrit,see README,Lehman et al.,Trans. Amer. Fish. Soc.,1,45.048209,,NA,5.8089244,NA,NA,14.1,Oncorhyncus tshawytscha,,,see fishtag for river or lab treatment,NA,NA,NA,NA,NA,NA,7.755,NA,NA,NA,NA,NA,NA,NA,hatchery,1,NA,NA,11,Lehm,11in_river
2017,Ucrit,see README,Lehman et al.,Trans. Amer. Fish. Soc.,1,46.693441,,NA,6.2719537,NA,NA,14.36667,Oncorhyncus tshawytscha,,,see fishtag for river or lab treatment,NA,NA,NA,NA,NA,NA,7.4448,NA,NA,NA,NA,NA,NA,NA,hatchery,1,NA,NA,12,Lehm,12in_lab
2017,Ucrit,see README,Lehman et al.,Trans. Amer. Fish. Soc.,1,52.536092,,NA,7.05675,NA,NA,14.26667,Oncorhyncus tshawytscha,,,see fishtag for river or lab treatment,NA,NA,NA,NA,NA,NA,7.4448,NA,NA,NA,NA,NA,NA,NA,hatchery,1,NA,NA,12,Lehm,12in_river
2017,Ucrit,see README,Lehman et al.,Trans. Amer. Fish. Soc.,1,63.57634,,NA,7.498271,NA,NA,15.36667,Oncorhyncus tshawytscha,,,see fishtag for river or lab treatment,NA,NA,NA,NA,NA,NA,8.4788,NA,NA,NA,NA,NA,NA,NA,hatchery,1,NA,NA,13,Lehm,13in_lab
2017,Ucrit,see README,Lehman et al.,Trans. Amer. Fish. Soc.,1,66.466864,,NA,7.8391829,NA,NA,15.16667,Oncorhyncus tshawytscha,,,see fishtag for river or lab treatment,NA,NA,NA,NA,NA,NA,8.4788,NA,NA,NA,NA,NA,NA,NA,hatchery,1,NA,NA,13,Lehm,13in_river
2017,Ucrit,see README,Lehman et al.,Trans. Amer. Fish. Soc.,1,54.576628,,NA,7.43409,NA,NA,13.76667,Oncorhyncus tshawytscha,,,see fishtag for river or lab treatment,NA,NA,NA,NA,NA,NA,7.3414,NA,NA,NA,NA,NA,NA,NA,hatchery,1,NA,NA,14,Lehm,14in_lab
2017,Ucrit,see README,Lehman et al.,Trans. Amer. Fish. Soc.,1,59.937602,,NA,8.0509352,NA,NA,18.9,Oncorhyncus tshawytscha,,,see fishtag for river or lab treatment,NA,NA,NA,NA,NA,NA,7.4448,NA,NA,NA,NA,NA,NA,NA,hatchery,1,NA,NA,14,Lehm,14in_river
2017,Ucrit,see README,Lehman et al.,Trans. Amer. Fish. Soc.,1,67.77901,,NA,7.7118,NA,NA,14.13333,Oncorhyncus tshawytscha,,,see fishtag for river or lab treatment,NA,NA,NA,NA,NA,NA,8.789,NA,NA,NA,NA,NA,NA,NA,hatchery,1,NA,NA,15,Lehm,15in_lab
2017,Ucrit,see README,Lehman et al.,Trans. Amer. Fish. Soc.,1,68.246424,,NA,7.6746912,NA,NA,18.23333,Oncorhyncus tshawytscha,,,see fishtag for river or lab treatment,NA,NA,NA,NA,NA,NA,8.8924,NA,NA,NA,NA,NA,NA,NA,hatchery,1,NA,NA,15,Lehm,15in_river
2017,Ucrit,see README,Lehman et al.,Trans. Amer. Fish. Soc.,1,69.56729,,NA,8.4099722,NA,NA,14.5,Oncorhyncus tshawytscha,,,see fishtag for river or lab treatment,NA,NA,NA,NA,NA,NA,8.272,NA,NA,NA,NA,NA,NA,NA,hatchery,1,NA,NA,16,Lehm,16in_lab
2017,Ucrit,see README,Lehman et al.,Trans. Amer. Fish. Soc.,1,68.685811,,NA,8.3034104,NA,NA,18.2,Oncorhyncus tshawytscha,,,see fishtag for river or lab treatment,NA,NA,NA,NA,NA,NA,8.272,NA,NA,NA,NA,NA,NA,NA,hatchery,1,NA,NA,16,Lehm,16in_river
2017,Ucrit,see README,Lehman et al.,Trans. Amer. Fish. Soc.,1,46.053412,,NA,5.9385444,NA,NA,13.66667,Oncorhyncus tshawytscha,,,see fishtag for river or lab treatment,NA,NA,NA,NA,NA,NA,7.755,NA,NA,NA,NA,NA,NA,NA,hatchery,1,NA,NA,17,Lehm,17in_lab
2017,Ucrit,see README,Lehman et al.,Trans. Amer. Fish. Soc.,1,57.056689,,NA,7.3574067,NA,NA,18.73333,Oncorhyncus tshawytscha,,,see fishtag for river or lab treatment,NA,NA,NA,NA,NA,NA,7.755,NA,NA,NA,NA,NA,NA,NA,hatchery,1,NA,NA,17,Lehm,17in_river
2017,Ucrit,see README,Lehman et al.,Trans. Amer. Fish. Soc.,1,54.748611,,NA,7.4575164,NA,NA,13.9,Oncorhyncus tshawytscha,,,see fishtag for river or lab treatment,NA,NA,NA,NA,NA,NA,7.3414,NA,NA,NA,NA,NA,NA,NA,hatchery,1,NA,NA,18,Lehm,18in_lab
2017,Ucrit,see README,Lehman et al.,Trans. Amer. Fish. Soc.,1,31.353879,,NA,4.270831,NA,NA,18.13333,Oncorhyncus tshawytscha,,,see fishtag for river or lab treatment,NA,NA,NA,NA,NA,NA,7.3414,NA,NA,NA,NA,NA,NA,NA,hatchery,1,NA,NA,18,Lehm,18in_river
2017,Ucrit,see README,Lehman et al.,Trans. Amer. Fish. Soc.,1,42.730211,,NA,5.5844805,NA,NA,14.16667,Oncorhyncus tshawytscha,,,see fishtag for river or lab treatment,NA,NA,NA,NA,NA,NA,7.6516,NA,NA,NA,NA,NA,NA,NA,hatchery,1,NA,NA,19,Lehm,19in_lab
2017,Ucrit,see README,Lehman et al.,Trans. Amer. Fish. Soc.,1,35.043593,,NA,4.5799039,NA,NA,17.76667,Oncorhyncus tshawytscha,,,see fishtag for river or lab treatment,NA,NA,NA,NA,NA,NA,7.6516,NA,NA,NA,NA,NA,NA,NA,hatchery,1,NA,NA,19,Lehm,19in_river
2017,Ucrit,see README,Lehman et al.,Trans. Amer. Fish. Soc.,1,50.895364,,NA,5.5305418,NA,NA,12.46667,Oncorhyncus tshawytscha,,,see fishtag for river or lab treatment,NA,NA,NA,NA,NA,NA,9.2026,NA,NA,NA,NA,NA,NA,NA,hatchery,1,NA,NA,1,Lehm,1in_lab
2017,Ucrit,see README,Lehman et al.,Trans. Amer. Fish. Soc.,1,76.225285,,NA,8.2830162,NA,NA,16.23333,Oncorhyncus tshawytscha,,,see fishtag for river or lab treatment,NA,NA,NA,NA,NA,NA,9.2026,NA,NA,NA,NA,NA,NA,NA,hatchery,1,NA,NA,1,Lehm,1in_river
2017,Ucrit,see README,Lehman et al.,Trans. Amer. Fish. Soc.,1,73.794891,,NA,9.268619,NA,NA,14.53333,Oncorhyncus tshawytscha,,,see fishtag for river or lab treatment,NA,NA,NA,NA,NA,NA,7.9618,NA,NA,NA,NA,NA,NA,NA,hatchery,1,NA,NA,20,Lehm,20in_lab
2017,Ucrit,see README,Lehman et al.,Trans. Amer. Fish. Soc.,1,45.036513,,NA,5.6565743,NA,NA,18.4,Oncorhyncus tshawytscha,,,see fishtag for river or lab treatment,NA,NA,NA,NA,NA,NA,7.9618,NA,NA,NA,NA,NA,NA,NA,hatchery,1,NA,NA,20,Lehm,20in_river
2017,Ucrit,see README,Lehman et al.,Trans. Amer. Fish. Soc.,1,58.354617,,NA,7.4257632,NA,NA,13.93333,Oncorhyncus tshawytscha,,,see fishtag for river or lab treatment,NA,NA,NA,NA,NA,NA,7.8584,NA,NA,NA,NA,NA,NA,NA,hatchery,1,NA,NA,21,Lehm,21in_lab
2017,Ucrit,see README,Lehman et al.,Trans. Amer. Fish. Soc.,1,31.16237,,NA,3.9654854,NA,NA,19.63333,Oncorhyncus tshawytscha,,,see fishtag for river or lab treatment,NA,NA,NA,NA,NA,NA,7.8584,NA,NA,NA,NA,NA,NA,NA,hatchery,1,NA,NA,21,Lehm,21in_river
2017,Ucrit,see README,Lehman et al.,Trans. Amer. Fish. Soc.,1,57.819706,,NA,7.26214,NA,NA,14.26667,Oncorhyncus tshawytscha,,,see fishtag for river or lab treatment,NA,NA,NA,NA,NA,NA,7.9618,NA,NA,NA,NA,NA,NA,NA,hatchery,1,NA,NA,22,Lehm,22in_lab
2017,Ucrit,see README,Lehman et al.,Trans. Amer. Fish. Soc.,1,60.936578,,NA,7.6536183,NA,NA,19.7,Oncorhyncus tshawytscha,,,see fishtag for river or lab treatment,NA,NA,NA,NA,NA,NA,7.9618,NA,NA,NA,NA,NA,NA,NA,hatchery,1,NA,NA,22,Lehm,22in_river
2017,Ucrit,see README,Lehman et al.,Trans. Amer. Fish. Soc.,1,68.923648,,NA,8.88764,NA,NA,14.7,Oncorhyncus tshawytscha,,,see fishtag for river or lab treatment,NA,NA,NA,NA,NA,NA,7.755,NA,NA,NA,NA,NA,NA,NA,hatchery,1,NA,NA,23,Lehm,23in_lab
2017,Ucrit,see README,Lehman et al.,Trans. Amer. Fish. Soc.,1,38.547847,,NA,4.9707089,NA,NA,19.8,Oncorhyncus tshawytscha,,,see fishtag for river or lab treatment,NA,NA,NA,NA,NA,NA,7.755,NA,NA,NA,NA,NA,NA,NA,hatchery,1,NA,NA,23,Lehm,23in_river
2017,Ucrit,see README,Lehman et al.,Trans. Amer. Fish. Soc.,1,53.164041,,NA,6.5917821,NA,NA,15.03333,Oncorhyncus tshawytscha,,,see fishtag for river or lab treatment,NA,NA,NA,NA,NA,NA,8.0652,NA,NA,NA,NA,NA,NA,NA,hatchery,1,NA,NA,24,Lehm,24in_lab
2017,Ucrit,see README,Lehman et al.,Trans. Amer. Fish. Soc.,1,47.617458,,NA,5.9040641,NA,NA,19.93333,Oncorhyncus tshawytscha,,,see fishtag for river or lab treatment,NA,NA,NA,NA,NA,NA,8.0652,NA,NA,NA,NA,NA,NA,NA,hatchery,1,NA,NA,24,Lehm,24in_river
2017,Ucrit,see README,Lehman et al.,Trans. Amer. Fish. Soc.,1,53.453486,,NA,6.5437757,NA,NA,14.8,Oncorhyncus tshawytscha,,,see fishtag for river or lab treatment,NA,NA,NA,NA,NA,NA,8.1686,NA,NA,NA,NA,NA,NA,NA,hatchery,1,NA,NA,25,Lehm,25in_lab
2017,Ucrit,see README,Lehman et al.,Trans. Amer. Fish. Soc.,1,52.049733,,NA,6.7117644,NA,NA,14.7,Oncorhyncus tshawytscha,,,see fishtag for river or lab treatment,NA,NA,NA,NA,NA,NA,7.755,NA,NA,NA,NA,NA,NA,NA,hatchery,1,NA,NA,26,Lehm,26in_lab
2017,Ucrit,see README,Lehman et al.,Trans. Amer. Fish. Soc.,1,36.86546,,NA,4.7537667,NA,NA,21.23333,Oncorhyncus tshawytscha,,,see fishtag for river or lab treatment,NA,NA,NA,NA,NA,NA,7.755,NA,NA,NA,NA,NA,NA,NA,hatchery,1,NA,NA,26,Lehm,26in_river
2017,Ucrit,see README,Lehman et al.,Trans. Amer. Fish. Soc.,1,51.817152,,NA,6.7720676,NA,NA,14.63333,Oncorhyncus tshawytscha,,,see fishtag for river or lab treatment,NA,NA,NA,NA,NA,NA,7.6516,NA,NA,NA,NA,NA,NA,NA,hatchery,1,NA,NA,27,Lehm,27in_lab
2017,Ucrit,see README,Lehman et al.,Trans. Amer. Fish. Soc.,1,60.299606,,NA,7.4765171,NA,NA,14.66667,Oncorhyncus tshawytscha,,,see fishtag for river or lab treatment,NA,NA,NA,NA,NA,NA,8.0652,NA,NA,NA,NA,NA,NA,NA,hatchery,1,NA,NA,28,Lehm,28in_lab
2017,Ucrit,see README,Lehman et al.,Trans. Amer. Fish. Soc.,1,54.388452,,NA,7.01334,NA,NA,13.73333,Oncorhyncus tshawytscha,,,see fishtag for river or lab treatment,NA,NA,NA,NA,NA,NA,7.755,NA,NA,NA,NA,NA,NA,NA,hatchery,1,NA,NA,29,Lehm,29in_lab
2017,Ucrit,see README,Lehman et al.,Trans. Amer. Fish. Soc.,1,28.716524,,NA,3.7029689,NA,NA,19.66667,Oncorhyncus tshawytscha,,,see fishtag for river or lab treatment,NA,NA,NA,NA,NA,NA,7.755,NA,NA,NA,NA,NA,NA,NA,hatchery,1,NA,NA,29,Lehm,29in_river
2017,Ucrit,see README,Lehman et al.,Trans. Amer. Fish. Soc.,1,46.790798,,NA,5.6565278,NA,NA,12.4,Oncorhyncus tshawytscha,,,see fishtag for river or lab treatment,NA,NA,NA,NA,NA,NA,8.272,NA,NA,NA,NA,NA,NA,NA,hatchery,1,NA,NA,2,Lehm,2in_lab
2017,Ucrit,see README,Lehman et al.,Trans. Amer. Fish. Soc.,1,60.260233,,NA,7.2848444,NA,NA,16.2,Oncorhyncus tshawytscha,,,see fishtag for river or lab treatment,NA,NA,NA,NA,NA,NA,8.272,NA,NA,NA,NA,NA,NA,NA,hatchery,1,NA,NA,2,Lehm,2in_river
2017,Ucrit,see README,Lehman et al.,Trans. Amer. Fish. Soc.,1,54.385545,,NA,6.3370167,NA,NA,13.86667,Oncorhyncus tshawytscha,,,see fishtag for river or lab treatment,NA,NA,NA,NA,NA,NA,8.5822,NA,NA,NA,NA,NA,NA,NA,hatchery,3,NA,NA,30,Lehm,30in_lab
2017,Ucrit,see README,Lehman et al.,Trans. Amer. Fish. Soc.,1,21.463404,,NA,2.500921,NA,NA,20.1,Oncorhyncus tshawytscha,,,see fishtag for river or lab treatment,NA,NA,NA,NA,NA,NA,8.5822,NA,NA,NA,NA,NA,NA,NA,hatchery,3,NA,NA,30,Lehm,30in_river
2017,Ucrit,see README,Lehman et al.,Trans. Amer. Fish. Soc.,1,58.831268,,NA,7.1120972,NA,NA,14,Oncorhyncus tshawytscha,,,see fishtag for river or lab treatment,NA,NA,NA,NA,NA,NA,8.272,NA,NA,NA,NA,NA,NA,NA,hatchery,3,NA,NA,31,Lehm,31in_lab
2017,Ucrit,see README,Lehman et al.,Trans. Amer. Fish. Soc.,1,25.192744,,NA,3.0455444,NA,NA,20.56667,Oncorhyncus tshawytscha,,,see fishtag for river or lab treatment,NA,NA,NA,NA,NA,NA,8.272,NA,NA,NA,NA,NA,NA,NA,hatchery,3,NA,NA,31,Lehm,31in_river
2017,Ucrit,see README,Lehman et al.,Trans. Amer. Fish. Soc.,1,59.007083,,NA,6.9593672,NA,NA,14.26667,Oncorhyncus tshawytscha,,,see fishtag for river or lab treatment,NA,NA,NA,NA,NA,NA,8.4788,NA,NA,NA,NA,NA,NA,NA,hatchery,1,NA,NA,32,Lehm,32in_lab
2017,Ucrit,see README,Lehman et al.,Trans. Amer. Fish. Soc.,1,60.673466,,NA,7.1559024,NA,NA,20.66667,Oncorhyncus tshawytscha,,,see fishtag for river or lab treatment,NA,NA,NA,NA,NA,NA,8.4788,NA,NA,NA,NA,NA,NA,NA,hatchery,1,NA,NA,32,Lehm,32in_river
2017,Ucrit,see README,Lehman et al.,Trans. Amer. Fish. Soc.,1,57.528107,,NA,6.6233889,NA,NA,13.1,Oncorhyncus tshawytscha,,,see fishtag for river or lab treatment,NA,NA,NA,NA,NA,NA,8.6856,NA,NA,NA,NA,NA,NA,NA,hatchery,1,NA,NA,33,Lehm,33in_lab
2017,Ucrit,see README,Lehman et al.,Trans. Amer. Fish. Soc.,1,47.49617,,NA,5.468381,NA,NA,20.33333,Oncorhyncus tshawytscha,,,see fishtag for river or lab treatment,NA,NA,NA,NA,NA,NA,8.6856,NA,NA,NA,NA,NA,NA,NA,hatchery,1,NA,NA,33,Lehm,33in_river
2017,Ucrit,see README,Lehman et al.,Trans. Amer. Fish. Soc.,1,56.293131,,NA,6.9797564,NA,NA,13.36667,Oncorhyncus tshawytscha,,,see fishtag for river or lab treatment,NA,NA,NA,NA,NA,NA,8.0652,NA,NA,NA,NA,NA,NA,NA,hatchery,3,NA,NA,34,Lehm,34in_lab
2017,Ucrit,see README,Lehman et al.,Trans. Amer. Fish. Soc.,1,3.248345,,NA,0.4027607,NA,NA,20.3,Oncorhyncus tshawytscha,,,see fishtag for river or lab treatment,NA,NA,NA,NA,NA,NA,8.0652,NA,NA,NA,NA,NA,NA,NA,hatchery,3,NA,NA,34,Lehm,34in_river
2017,Ucrit,see README,Lehman et al.,Trans. Amer. Fish. Soc.,1,52.83169,,NA,6.2310339,NA,NA,13.66667,Oncorhyncus tshawytscha,,,see fishtag for river or lab treatment,NA,NA,NA,NA,NA,NA,8.4788,NA,NA,NA,NA,NA,NA,NA,hatchery,3,NA,NA,35,Lehm,35in_lab
2017,Ucrit,see README,Lehman et al.,Trans. Amer. Fish. Soc.,1,6.045178,,NA,0.7129756,NA,NA,19.96667,Oncorhyncus tshawytscha,,,see fishtag for river or lab treatment,NA,NA,NA,NA,NA,NA,8.4788,NA,NA,NA,NA,NA,NA,NA,hatchery,3,NA,NA,35,Lehm,35in_river
2017,Ucrit,see README,Lehman et al.,Trans. Amer. Fish. Soc.,1,63.50959,,NA,7.6776583,NA,NA,13.8,Oncorhyncus tshawytscha,,,see fishtag for river or lab treatment,NA,NA,NA,NA,NA,NA,8.272,NA,NA,NA,NA,NA,NA,NA,hatchery,1,NA,NA,36,Lehm,36in_lab
2017,Ucrit,see README,Lehman et al.,Trans. Amer. Fish. Soc.,1,28.505657,,NA,3.4460417,NA,NA,20.33333,Oncorhyncus tshawytscha,,,see fishtag for river or lab treatment,NA,NA,NA,NA,NA,NA,8.272,NA,NA,NA,NA,NA,NA,NA,hatchery,1,NA,NA,36,Lehm,36in_river
2017,Ucrit,see README,Lehman et al.,Trans. Amer. Fish. Soc.,1,59.697094,,NA,6.8731111,NA,NA,14,Oncorhyncus tshawytscha,,,see fishtag for river or lab treatment,NA,NA,NA,NA,NA,NA,8.6856,NA,NA,NA,NA,NA,NA,NA,hatchery,1,NA,NA,37,Lehm,37in_lab
2017,Ucrit,see README,Lehman et al.,Trans. Amer. Fish. Soc.,1,56.925009,,NA,6.5539524,NA,NA,20.36667,Oncorhyncus tshawytscha,,,see fishtag for river or lab treatment,NA,NA,NA,NA,NA,NA,8.6856,NA,NA,NA,NA,NA,NA,NA,hatchery,1,NA,NA,37,Lehm,37in_river
2017,Ucrit,see README,Lehman et al.,Trans. Amer. Fish. Soc.,1,50.432144,,NA,6.2530556,NA,NA,14.03333,Oncorhyncus tshawytscha,,,see fishtag for river or lab treatment,NA,NA,NA,NA,NA,NA,8.0652,NA,NA,NA,NA,NA,NA,NA,hatchery,1,NA,NA,38,Lehm,38in_lab
2017,Ucrit,see README,Lehman et al.,Trans. Amer. Fish. Soc.,1,34.758806,,NA,4.3097265,NA,NA,17.86667,Oncorhyncus tshawytscha,,,see fishtag for river or lab treatment,NA,NA,NA,NA,NA,NA,8.0652,NA,NA,NA,NA,NA,NA,NA,hatchery,1,NA,NA,38,Lehm,38in_river
2017,Ucrit,see README,Lehman et al.,Trans. Amer. Fish. Soc.,1,66.98669,,NA,7.9980288,NA,NA,14.46667,Oncorhyncus tshawytscha,,,see fishtag for river or lab treatment,NA,NA,NA,NA,NA,NA,8.3754,NA,NA,NA,NA,NA,NA,NA,hatchery,1,NA,NA,39,Lehm,39in_lab
2017,Ucrit,see README,Lehman et al.,Trans. Amer. Fish. Soc.,1,63.608647,,NA,7.5946996,NA,NA,18.1,Oncorhyncus tshawytscha,,,see fishtag for river or lab treatment,NA,NA,NA,NA,NA,NA,8.3754,NA,NA,NA,NA,NA,NA,NA,hatchery,1,NA,NA,39,Lehm,39in_river
2017,Ucrit,see README,Lehman et al.,Trans. Amer. Fish. Soc.,1,63.649817,,NA,6.217867,NA,NA,12.6,Oncorhyncus tshawytscha,,,see fishtag for river or lab treatment,NA,NA,NA,NA,NA,NA,10.2366,NA,NA,NA,NA,NA,NA,NA,hatchery,1,NA,NA,3,Lehm,3in_lab
2017,Ucrit,see README,Lehman et al.,Trans. Amer. Fish. Soc.,1,45.657459,,NA,4.4602172,NA,NA,14.5,Oncorhyncus tshawytscha,,,see fishtag for river or lab treatment,NA,NA,NA,NA,NA,NA,10.2366,NA,NA,NA,NA,NA,NA,NA,hatchery,1,NA,NA,3,Lehm,3in_river
2017,Ucrit,see README,Lehman et al.,Trans. Amer. Fish. Soc.,1,57.221261,,NA,6.2886035,NA,NA,14.56667,Oncorhyncus tshawytscha,,,see fishtag for river or lab treatment,NA,NA,NA,NA,NA,NA,9.0992,NA,NA,NA,NA,NA,NA,NA,hatchery,1,NA,NA,40,Lehm,40in_lab
2017,Ucrit,see README,Lehman et al.,Trans. Amer. Fish. Soc.,1,61.640646,,NA,6.7742929,NA,NA,18.2,Oncorhyncus tshawytscha,,,see fishtag for river or lab treatment,NA,NA,NA,NA,NA,NA,9.0992,NA,NA,NA,NA,NA,NA,NA,hatchery,1,NA,NA,40,Lehm,40in_river
2017,Ucrit,see README,Lehman et al.,Trans. Amer. Fish. Soc.,1,51.514753,,NA,6.5553743,NA,NA,14.46667,Oncorhyncus tshawytscha,,,see fishtag for river or lab treatment,NA,NA,NA,NA,NA,NA,7.8584,NA,NA,NA,NA,NA,NA,NA,hatchery,1,NA,NA,41,Lehm,41in_lab
2017,Ucrit,see README,Lehman et al.,Trans. Amer. Fish. Soc.,1,32.373,,NA,4.1195409,NA,NA,18,Oncorhyncus tshawytscha,,,see fishtag for river or lab treatment,NA,NA,NA,NA,NA,NA,7.8584,NA,NA,NA,NA,NA,NA,NA,hatchery,1,NA,NA,41,Lehm,41in_river
2017,Ucrit,see README,Lehman et al.,Trans. Amer. Fish. Soc.,1,49.480347,,NA,5.5003831,NA,NA,13.73333,Oncorhyncus tshawytscha,,,see fishtag for river or lab treatment,NA,NA,NA,NA,NA,NA,8.9958,NA,NA,NA,NA,NA,NA,NA,hatchery,1,NA,NA,42,Lehm,42in_lab
2017,Ucrit,see README,Lehman et al.,Trans. Amer. Fish. Soc.,1,31.431704,,NA,3.4940421,NA,NA,18.76667,Oncorhyncus tshawytscha,,,see fishtag for river or lab treatment,NA,NA,NA,NA,NA,NA,8.9958,NA,NA,NA,NA,NA,NA,NA,hatchery,1,NA,NA,42,Lehm,42in_river
2017,Ucrit,see README,Lehman et al.,Trans. Amer. Fish. Soc.,1,60.087779,,NA,7.3559459,NA,NA,13.86667,Oncorhyncus tshawytscha,,,see fishtag for river or lab treatment,NA,NA,NA,NA,NA,NA,8.1686,NA,NA,NA,NA,NA,NA,NA,hatchery,1,NA,NA,43,Lehm,43in_lab
2017,Ucrit,see README,Lehman et al.,Trans. Amer. Fish. Soc.,1,58.182933,,NA,7.1227546,NA,NA,18.8,Oncorhyncus tshawytscha,,,see fishtag for river or lab treatment,NA,NA,NA,NA,NA,NA,8.1686,NA,NA,NA,NA,NA,NA,NA,hatchery,1,NA,NA,43,Lehm,43in_river
2017,Ucrit,see README,Lehman et al.,Trans. Amer. Fish. Soc.,1,45.842465,,NA,4.9814688,NA,NA,14.23333,Oncorhyncus tshawytscha,,,see fishtag for river or lab treatment,NA,NA,NA,NA,NA,NA,9.2026,NA,NA,NA,NA,NA,NA,NA,hatchery,1,NA,NA,44,Lehm,44in_lab
2017,Ucrit,see README,Lehman et al.,Trans. Amer. Fish. Soc.,1,39.37877,,NA,4.2790918,NA,NA,18.93333,Oncorhyncus tshawytscha,,,see fishtag for river or lab treatment,NA,NA,NA,NA,NA,NA,9.2026,NA,NA,NA,NA,NA,NA,NA,hatchery,1,NA,NA,44,Lehm,44in_river
2017,Ucrit,see README,Lehman et al.,Trans. Amer. Fish. Soc.,1,52.041186,,NA,6.3708819,NA,NA,14.5,Oncorhyncus tshawytscha,,,see fishtag for river or lab treatment,NA,NA,NA,NA,NA,NA,8.1686,NA,NA,NA,NA,NA,NA,NA,hatchery,1,NA,NA,45,Lehm,45in_lab
2017,Ucrit,see README,Lehman et al.,Trans. Amer. Fish. Soc.,1,54.669005,,NA,6.6925795,NA,NA,18.96667,Oncorhyncus tshawytscha,,,see fishtag for river or lab treatment,NA,NA,NA,NA,NA,NA,8.1686,NA,NA,NA,NA,NA,NA,NA,hatchery,1,NA,NA,45,Lehm,45in_river
2017,Ucrit,see README,Lehman et al.,Trans. Amer. Fish. Soc.,1,66.5896,,NA,8.05,NA,NA,12.2,Oncorhyncus tshawytscha,,,see fishtag for river or lab treatment,NA,NA,NA,NA,NA,NA,8.272,NA,NA,NA,NA,NA,NA,NA,hatchery,1,NA,NA,6,Lehm,6in_lab
2017,Ucrit,see README,Lehman et al.,Trans. Amer. Fish. Soc.,1,82.995113,,NA,10.0332583,NA,NA,16.4,Oncorhyncus tshawytscha,,,see fishtag for river or lab treatment,NA,NA,NA,NA,NA,NA,8.272,NA,NA,NA,NA,NA,NA,NA,hatchery,1,NA,NA,6,Lehm,6in_river
2017,Ucrit,see README,Lehman et al.,Trans. Amer. Fish. Soc.,1,55.465931,,NA,6.2374535,NA,NA,12.5,Oncorhyncus tshawytscha,,,see fishtag for river or lab treatment,NA,NA,NA,NA,NA,NA,8.8924,NA,NA,NA,NA,NA,NA,NA,hatchery,1,NA,NA,7,Lehm,7in_lab
2017,Ucrit,see README,Lehman et al.,Trans. Amer. Fish. Soc.,1,56.718278,,NA,6.3782868,NA,NA,15.8,Oncorhyncus tshawytscha,,,see fishtag for river or lab treatment,NA,NA,NA,NA,NA,NA,8.8924,NA,NA,NA,NA,NA,NA,NA,hatchery,1,NA,NA,7,Lehm,7in_river
2017,Ucrit,see README,Lehman et al.,Trans. Amer. Fish. Soc.,1,57.664112,,NA,7.4357333,NA,NA,12.8,Oncorhyncus tshawytscha,,,see fishtag for river or lab treatment,NA,NA,NA,NA,NA,NA,7.755,NA,NA,NA,NA,NA,NA,NA,hatchery,1,NA,NA,9,Lehm,9in_lab
2017,Ucrit,see README,Lehman et al.,Trans. Amer. Fish. Soc.,1,33.339986,,NA,4.29916,NA,NA,16.4,Oncorhyncus tshawytscha,,,see fishtag for river or lab treatment,NA,NA,NA,NA,NA,NA,7.755,NA,NA,NA,NA,NA,NA,NA,hatchery,1,NA,NA,9,Lehm,9in_river
TEST ZERO,Ucrit,Ucrit set at zero at critical thermal maximum of fish,CTM,TEST ZERO,1,,,,0,,,25.3,Oncorhyncus tshawytscha,,juvenile,,,,,,,,15,,,,,,,,,1,,,,,
