year,parameter,parameter methods,author,journal,n,swimspeed_cm_persecond,sd_swimspeed_cm_persecond,se_swimspeed_cm_persecond,swimspeed_BL,sd_swimspeed_BL,se_swimspeed_BL,temperature_C,species,common,race,life stage,mass_g,sd_mass_g,se_mass_g,SL_cm,sd_SL,se_SL,TL_cm,sd_TL,se_TL,ration,FL_cm,sd_FL_cm,se_FL_cm,FL_mm,hatchery_or_wild,data_quality,source
1996,Ucrit,see readme,Hawkins and Quinn,Can. J. Fish. Aquat. Sci.,16,86.09518349,12.39770642,3.099426606,7.5,1.08,0.27,19,Oncorhynchus mykiss,steelhead,,juvenile,12.7,NA,0.69,NA,NA,NA,11.4793578,1.135321101,0.203909689,full,10.01,0.99,0.177809249,100.1,hatchery,1,Hawkins and Quinn 1996
1996,Ucrit,see readme,Hawkins and Quinn,Can. J. Fish. Aquat. Sci.,15,90.68692661,8.002685084,2.066284404,7.9,0.697137002,0.18,19,Oncorhynchus mykiss,steelhead,,juvenile,12.7,NA,0.69,NA,NA,NA,11.4793578,1.135321101,0.203909689,full,10.01,0.99,0.177809249,100.1,hatchery,1,Hawkins and Quinn 1996
1999,Ucrit,NA,Cech and Myrick,UC Berkeley Technical Report,15,61,NA,0.02,5.495495495,NA,0.001801802,19,Oncorhynchus tshawytscha,Chinook,Nimbus strain,juvenile,15.7,NA,1.6,NA,NA,NA,11.1,NA,0.41,100,NA,NA,NA,NA,hatchery,1,Cech and Myrick 1999
1999,Ucrit,NA,Cech and Myrick,UC Berkeley Technical Report,11,51,NA,0.02,6.8,NA,0.002666667,19,Oncorhynchus tshawytscha,Chinook,Nimbus strain,juvenile,3.8,NA,0.52,NA,NA,NA,7.5,NA,0.32,25,NA,NA,NA,NA,hatchery,1,Cech and Myrick 1999
1999,Ucrit,NA,Cech and Myrick,UC Berkeley Technical Completion Reports,10,51,NA,4,3.88,NA,0.3,11,Oncorhynchus mykiss,steelhead,nimbus strain hatchery,juvenile,17.9,NA,5.15,10,NA,0.777,11.9,NA,0.855,reduced,NA,NA,NA,NA,hatchery,1,Cech and Myrick 1999
1999,Ucrit,NA,Cech and Myrick,UC Berkeley Technical Completion Reports,10,51,NA,2,4.34,NA,0.25,11,Oncorhynchus mykiss,steelhead,nimbus strain hatchery,juvenile,29.3,NA,5.13,11.8,NA,0.846,13.6,NA,0.948,full,NA,NA,NA,NA,hatchery,1,Cech and Myrick 1999
1999,Ucrit,NA,Cech and Myrick,UC Berkeley Technical Completion Reports,7,50,NA,5,4.77,NA,0.25,15,Oncorhynchus mykiss,steelhead,nimbus strain hatchery,juvenile,9.6,NA,1.6,8.4,NA,0.552,10.1,NA,0.629,reduced,NA,NA,NA,NA,hatchery,1,Cech and Myrick 1999
1999,Ucrit,NA,Cech and Myrick,UC Berkeley Technical Completion Reports,10,67,NA,2,4.96,NA,0.38,15,Oncorhynchus mykiss,steelhead,nimbus strain hatchery,juvenile,31.7,NA,3.95,12.4,NA,0.609,14.4,NA,0.676,full,NA,NA,NA,NA,hatchery,1,Cech and Myrick 1999
1999,Ucrit,NA,Cech and Myrick,UC Berkeley Technical Completion Reports,10,57,NA,4,4.11,NA,0.28,19,Oncorhynchus mykiss,steelhead,nimbus strain hatchery,juvenile,16.4,NA,2.14,10.1,NA,0.483,12,NA,0.575,reduced,NA,NA,NA,NA,hatchery,1,Cech and Myrick 1999
1999,Ucrit,NA,Cech and Myrick,UC Berkeley Technical Completion Reports,9,67,NA,4,4.79,NA,0.31,19,Oncorhynchus mykiss,steelhead,nimbus strain hatchery,juvenile,48.7,NA,5.06,14.1,NA,0.486,16.4,NA,0.552,full,NA,NA,NA,NA,hatchery,1,Cech and Myrick 1999
2000,Ucrit,see readme,Myrick and Cech,Fish Physiol. Biochem.,14,46,3.816490535,1,5.2,0.374165739,0.1,10,Oncorhynchus mykiss,steelhead,rainbow trout,juvenile,11.3,4.602238586,1.23,NA,NA,NA,10.2,1.459246381,0.39,NA,NA,NA,NA,NA,hatchery,1,Myrick and Cech 2000
2000,Ucrit,see readme,Myrick and Cech,Fish Physiol. Biochem.,16,54,6.24,2,5.27,0.52,0.13,10,Oncorhynchus mykiss,steelhead,rainbow trout,juvenile,16.4,5.96,1.49,NA,NA,NA,12,1,0.25,NA,NA,NA,NA,NA,hatchery,1,Myrick and Cech 2000
2000,Ucrit,see readme,Myrick and Cech,Fish Physiol. Biochem.,16,52,8.56,2,5.72,0.8,0.2,14,Oncorhynchus mykiss,steelhead,rainbow trout,juvenile,12.2,4.28,1.07,NA,NA,NA,10.7,1.4,0.35,NA,NA,NA,NA,NA,hatchery,1,Myrick and Cech 2000
2000,Ucrit,see readme,Myrick and Cech,Fish Physiol. Biochem.,15,53,13.68712315,3,5.47,1.200624837,0.31,14,Oncorhynchus mykiss,steelhead,rainbow trout,juvenile,15.2,6.15804352,1.59,NA,NA,NA,11.4,1.549193338,0.4,NA,NA,NA,NA,NA,hatchery,1,Myrick and Cech 2000
2000,Ucrit,see readme,Myrick and Cech,Fish Physiol. Biochem.,16,55,11.752,3,5.66,1.04,0.26,19,Oncorhynchus mykiss,steelhead,rainbow trout,juvenile,18.8,12.68,3.17,NA,NA,NA,11.3,2,0.5,NA,NA,NA,NA,NA,hatchery,1,Myrick and Cech 2000
2000,Ucrit,see readme,Myrick and Cech,Fish Physiol. Biochem.,16,49,16.568,4,5.24,1.52,0.38,19,Oncorhynchus mykiss,steelhead,rainbow trout,juvenile,14.3,8.96,2.24,NA,NA,NA,10.9,2.44,0.61,NA,NA,NA,NA,NA,hatchery,1,Myrick and Cech 2000
1982,Ucrit,see readne,Schneider and Connors,J. Therm. Biol.,21,89.93,NA,NA,3.15,NA,NA,10,Oncorhynchus mykiss,steelhead,rainbow trout,juvenile,495.6,NA,NA,28.54920635,NA,NA,31.72134039,NA,NA,NA,31.58098047,NA,NA,315.8098047,unclear,1,Schneider and Connors 1982
1982,Ucrit,see readne,Schneider and Connors,J. Therm. Biol.,14,94.82,NA,NA,3.37,NA,NA,15,Oncorhynchus mykiss,steelhead,rainbow trout,juvenile,495.6,NA,NA,28.13649852,NA,NA,31.26277613,NA,NA,NA,31.12444526,NA,NA,311.2444526,unclear,1,Schneider and Connors 1982
1982,Ucrit,see readne,Schneider and Connors,J. Therm. Biol.,13,93.23,NA,NA,3.21,NA,NA,20,Oncorhynchus mykiss,steelhead,rainbow trout,juvenile,495.6,NA,NA,29.04361371,NA,NA,32.2706819,NA,NA,NA,32.12789127,NA,NA,321.2789127,unclear,1,Schneider and Connors 1982
1982,Ucrit,see readne,Schneider and Connors,J. Therm. Biol.,10,47.95,NA,NA,1.64,NA,NA,25,Oncorhynchus mykiss,steelhead,rainbow trout,juvenile,495.6,NA,NA,29.23780488,NA,NA,32.48644986,NA,NA,NA,32.34270451,NA,NA,323.4270451,unclear,1,Schneider and Connors 1982
2017,Ucrit,see README,Lehman et al.,Trans. Amer. Fish. Soc.,1,47.836327,,NA,6.5159679,NA,NA,13.5,Oncorhyncus tshawytscha,Chinook,NA,juvenile,NA,NA,NA,NA,NA,NA,7.3414,NA,NA,NA,NA,NA,NA,NA,hatchery,1,Lehman et al. 2017
2017,Ucrit,see README,Lehman et al.,Trans. Amer. Fish. Soc.,1,48.429538,,NA,6.5967715,NA,NA,15.4,Oncorhyncus tshawytscha,Chinook,NA,juvenile,NA,NA,NA,NA,NA,NA,7.3414,NA,NA,NA,NA,NA,NA,NA,hatchery,1,Lehman et al. 2017
2017,Ucrit,see README,Lehman et al.,Trans. Amer. Fish. Soc.,1,65.103794,,NA,8.3950733,NA,NA,13.93333,Oncorhyncus tshawytscha,Chinook,NA,juvenile,NA,NA,NA,NA,NA,NA,7.755,NA,NA,NA,NA,NA,NA,NA,hatchery,1,Lehman et al. 2017
2017,Ucrit,see README,Lehman et al.,Trans. Amer. Fish. Soc.,1,45.048209,,NA,5.8089244,NA,NA,14.1,Oncorhyncus tshawytscha,Chinook,NA,juvenile,NA,NA,NA,NA,NA,NA,7.755,NA,NA,NA,NA,NA,NA,NA,hatchery,1,Lehman et al. 2017
2017,Ucrit,see README,Lehman et al.,Trans. Amer. Fish. Soc.,1,46.693441,,NA,6.2719537,NA,NA,14.36667,Oncorhyncus tshawytscha,Chinook,NA,juvenile,NA,NA,NA,NA,NA,NA,7.4448,NA,NA,NA,NA,NA,NA,NA,hatchery,1,Lehman et al. 2017
2017,Ucrit,see README,Lehman et al.,Trans. Amer. Fish. Soc.,1,52.536092,,NA,7.05675,NA,NA,14.26667,Oncorhyncus tshawytscha,Chinook,NA,juvenile,NA,NA,NA,NA,NA,NA,7.4448,NA,NA,NA,NA,NA,NA,NA,hatchery,1,Lehman et al. 2017
2017,Ucrit,see README,Lehman et al.,Trans. Amer. Fish. Soc.,1,63.57634,,NA,7.498271,NA,NA,15.36667,Oncorhyncus tshawytscha,Chinook,NA,juvenile,NA,NA,NA,NA,NA,NA,8.4788,NA,NA,NA,NA,NA,NA,NA,hatchery,1,Lehman et al. 2017
2017,Ucrit,see README,Lehman et al.,Trans. Amer. Fish. Soc.,1,66.466864,,NA,7.8391829,NA,NA,15.16667,Oncorhyncus tshawytscha,Chinook,NA,juvenile,NA,NA,NA,NA,NA,NA,8.4788,NA,NA,NA,NA,NA,NA,NA,hatchery,1,Lehman et al. 2017
2017,Ucrit,see README,Lehman et al.,Trans. Amer. Fish. Soc.,1,54.576628,,NA,7.43409,NA,NA,13.76667,Oncorhyncus tshawytscha,Chinook,NA,juvenile,NA,NA,NA,NA,NA,NA,7.3414,NA,NA,NA,NA,NA,NA,NA,hatchery,1,Lehman et al. 2017
2017,Ucrit,see README,Lehman et al.,Trans. Amer. Fish. Soc.,1,59.937602,,NA,8.0509352,NA,NA,18.9,Oncorhyncus tshawytscha,Chinook,NA,juvenile,NA,NA,NA,NA,NA,NA,7.4448,NA,NA,NA,NA,NA,NA,NA,hatchery,1,Lehman et al. 2017
2017,Ucrit,see README,Lehman et al.,Trans. Amer. Fish. Soc.,1,67.77901,,NA,7.7118,NA,NA,14.13333,Oncorhyncus tshawytscha,Chinook,NA,juvenile,NA,NA,NA,NA,NA,NA,8.789,NA,NA,NA,NA,NA,NA,NA,hatchery,1,Lehman et al. 2017
2017,Ucrit,see README,Lehman et al.,Trans. Amer. Fish. Soc.,1,68.246424,,NA,7.6746912,NA,NA,18.23333,Oncorhyncus tshawytscha,Chinook,NA,juvenile,NA,NA,NA,NA,NA,NA,8.8924,NA,NA,NA,NA,NA,NA,NA,hatchery,1,Lehman et al. 2017
2017,Ucrit,see README,Lehman et al.,Trans. Amer. Fish. Soc.,1,69.56729,,NA,8.4099722,NA,NA,14.5,Oncorhyncus tshawytscha,Chinook,NA,juvenile,NA,NA,NA,NA,NA,NA,8.272,NA,NA,NA,NA,NA,NA,NA,hatchery,1,Lehman et al. 2017
2017,Ucrit,see README,Lehman et al.,Trans. Amer. Fish. Soc.,1,68.685811,,NA,8.3034104,NA,NA,18.2,Oncorhyncus tshawytscha,Chinook,NA,juvenile,NA,NA,NA,NA,NA,NA,8.272,NA,NA,NA,NA,NA,NA,NA,hatchery,1,Lehman et al. 2017
2017,Ucrit,see README,Lehman et al.,Trans. Amer. Fish. Soc.,1,46.053412,,NA,5.9385444,NA,NA,13.66667,Oncorhyncus tshawytscha,Chinook,NA,juvenile,NA,NA,NA,NA,NA,NA,7.755,NA,NA,NA,NA,NA,NA,NA,hatchery,1,Lehman et al. 2017
2017,Ucrit,see README,Lehman et al.,Trans. Amer. Fish. Soc.,1,57.056689,,NA,7.3574067,NA,NA,18.73333,Oncorhyncus tshawytscha,Chinook,NA,juvenile,NA,NA,NA,NA,NA,NA,7.755,NA,NA,NA,NA,NA,NA,NA,hatchery,1,Lehman et al. 2017
2017,Ucrit,see README,Lehman et al.,Trans. Amer. Fish. Soc.,1,54.748611,,NA,7.4575164,NA,NA,13.9,Oncorhyncus tshawytscha,Chinook,NA,juvenile,NA,NA,NA,NA,NA,NA,7.3414,NA,NA,NA,NA,NA,NA,NA,hatchery,1,Lehman et al. 2017
2017,Ucrit,see README,Lehman et al.,Trans. Amer. Fish. Soc.,1,31.353879,,NA,4.270831,NA,NA,18.13333,Oncorhyncus tshawytscha,Chinook,NA,juvenile,NA,NA,NA,NA,NA,NA,7.3414,NA,NA,NA,NA,NA,NA,NA,hatchery,1,Lehman et al. 2017
2017,Ucrit,see README,Lehman et al.,Trans. Amer. Fish. Soc.,1,42.730211,,NA,5.5844805,NA,NA,14.16667,Oncorhyncus tshawytscha,Chinook,NA,juvenile,NA,NA,NA,NA,NA,NA,7.6516,NA,NA,NA,NA,NA,NA,NA,hatchery,1,Lehman et al. 2017
2017,Ucrit,see README,Lehman et al.,Trans. Amer. Fish. Soc.,1,35.043593,,NA,4.5799039,NA,NA,17.76667,Oncorhyncus tshawytscha,Chinook,NA,juvenile,NA,NA,NA,NA,NA,NA,7.6516,NA,NA,NA,NA,NA,NA,NA,hatchery,1,Lehman et al. 2017
2017,Ucrit,see README,Lehman et al.,Trans. Amer. Fish. Soc.,1,50.895364,,NA,5.5305418,NA,NA,12.46667,Oncorhyncus tshawytscha,Chinook,NA,juvenile,NA,NA,NA,NA,NA,NA,9.2026,NA,NA,NA,NA,NA,NA,NA,hatchery,1,Lehman et al. 2017
2017,Ucrit,see README,Lehman et al.,Trans. Amer. Fish. Soc.,1,76.225285,,NA,8.2830162,NA,NA,16.23333,Oncorhyncus tshawytscha,Chinook,NA,juvenile,NA,NA,NA,NA,NA,NA,9.2026,NA,NA,NA,NA,NA,NA,NA,hatchery,1,Lehman et al. 2017
2017,Ucrit,see README,Lehman et al.,Trans. Amer. Fish. Soc.,1,73.794891,,NA,9.268619,NA,NA,14.53333,Oncorhyncus tshawytscha,Chinook,NA,juvenile,NA,NA,NA,NA,NA,NA,7.9618,NA,NA,NA,NA,NA,NA,NA,hatchery,1,Lehman et al. 2017
2017,Ucrit,see README,Lehman et al.,Trans. Amer. Fish. Soc.,1,45.036513,,NA,5.6565743,NA,NA,18.4,Oncorhyncus tshawytscha,Chinook,NA,juvenile,NA,NA,NA,NA,NA,NA,7.9618,NA,NA,NA,NA,NA,NA,NA,hatchery,1,Lehman et al. 2017
2017,Ucrit,see README,Lehman et al.,Trans. Amer. Fish. Soc.,1,58.354617,,NA,7.4257632,NA,NA,13.93333,Oncorhyncus tshawytscha,Chinook,NA,juvenile,NA,NA,NA,NA,NA,NA,7.8584,NA,NA,NA,NA,NA,NA,NA,hatchery,1,Lehman et al. 2017
2017,Ucrit,see README,Lehman et al.,Trans. Amer. Fish. Soc.,1,31.16237,,NA,3.9654854,NA,NA,19.63333,Oncorhyncus tshawytscha,Chinook,NA,juvenile,NA,NA,NA,NA,NA,NA,7.8584,NA,NA,NA,NA,NA,NA,NA,hatchery,1,Lehman et al. 2017
2017,Ucrit,see README,Lehman et al.,Trans. Amer. Fish. Soc.,1,57.819706,,NA,7.26214,NA,NA,14.26667,Oncorhyncus tshawytscha,Chinook,NA,juvenile,NA,NA,NA,NA,NA,NA,7.9618,NA,NA,NA,NA,NA,NA,NA,hatchery,1,Lehman et al. 2017
2017,Ucrit,see README,Lehman et al.,Trans. Amer. Fish. Soc.,1,60.936578,,NA,7.6536183,NA,NA,19.7,Oncorhyncus tshawytscha,Chinook,NA,juvenile,NA,NA,NA,NA,NA,NA,7.9618,NA,NA,NA,NA,NA,NA,NA,hatchery,1,Lehman et al. 2017
2017,Ucrit,see README,Lehman et al.,Trans. Amer. Fish. Soc.,1,68.923648,,NA,8.88764,NA,NA,14.7,Oncorhyncus tshawytscha,Chinook,NA,juvenile,NA,NA,NA,NA,NA,NA,7.755,NA,NA,NA,NA,NA,NA,NA,hatchery,1,Lehman et al. 2017
2017,Ucrit,see README,Lehman et al.,Trans. Amer. Fish. Soc.,1,38.547847,,NA,4.9707089,NA,NA,19.8,Oncorhyncus tshawytscha,Chinook,NA,juvenile,NA,NA,NA,NA,NA,NA,7.755,NA,NA,NA,NA,NA,NA,NA,hatchery,1,Lehman et al. 2017
2017,Ucrit,see README,Lehman et al.,Trans. Amer. Fish. Soc.,1,53.164041,,NA,6.5917821,NA,NA,15.03333,Oncorhyncus tshawytscha,Chinook,NA,juvenile,NA,NA,NA,NA,NA,NA,8.0652,NA,NA,NA,NA,NA,NA,NA,hatchery,1,Lehman et al. 2017
2017,Ucrit,see README,Lehman et al.,Trans. Amer. Fish. Soc.,1,47.617458,,NA,5.9040641,NA,NA,19.93333,Oncorhyncus tshawytscha,Chinook,NA,juvenile,NA,NA,NA,NA,NA,NA,8.0652,NA,NA,NA,NA,NA,NA,NA,hatchery,1,Lehman et al. 2017
2017,Ucrit,see README,Lehman et al.,Trans. Amer. Fish. Soc.,1,53.453486,,NA,6.5437757,NA,NA,14.8,Oncorhyncus tshawytscha,Chinook,NA,juvenile,NA,NA,NA,NA,NA,NA,8.1686,NA,NA,NA,NA,NA,NA,NA,hatchery,1,Lehman et al. 2017
2017,Ucrit,see README,Lehman et al.,Trans. Amer. Fish. Soc.,1,52.049733,,NA,6.7117644,NA,NA,14.7,Oncorhyncus tshawytscha,Chinook,NA,juvenile,NA,NA,NA,NA,NA,NA,7.755,NA,NA,NA,NA,NA,NA,NA,hatchery,1,Lehman et al. 2017
2017,Ucrit,see README,Lehman et al.,Trans. Amer. Fish. Soc.,1,36.86546,,NA,4.7537667,NA,NA,21.23333,Oncorhyncus tshawytscha,Chinook,NA,juvenile,NA,NA,NA,NA,NA,NA,7.755,NA,NA,NA,NA,NA,NA,NA,hatchery,1,Lehman et al. 2017
2017,Ucrit,see README,Lehman et al.,Trans. Amer. Fish. Soc.,1,51.817152,,NA,6.7720676,NA,NA,14.63333,Oncorhyncus tshawytscha,Chinook,NA,juvenile,NA,NA,NA,NA,NA,NA,7.6516,NA,NA,NA,NA,NA,NA,NA,hatchery,1,Lehman et al. 2017
2017,Ucrit,see README,Lehman et al.,Trans. Amer. Fish. Soc.,1,60.299606,,NA,7.4765171,NA,NA,14.66667,Oncorhyncus tshawytscha,Chinook,NA,juvenile,NA,NA,NA,NA,NA,NA,8.0652,NA,NA,NA,NA,NA,NA,NA,hatchery,1,Lehman et al. 2017
2017,Ucrit,see README,Lehman et al.,Trans. Amer. Fish. Soc.,1,54.388452,,NA,7.01334,NA,NA,13.73333,Oncorhyncus tshawytscha,Chinook,NA,juvenile,NA,NA,NA,NA,NA,NA,7.755,NA,NA,NA,NA,NA,NA,NA,hatchery,1,Lehman et al. 2017
2017,Ucrit,see README,Lehman et al.,Trans. Amer. Fish. Soc.,1,28.716524,,NA,3.7029689,NA,NA,19.66667,Oncorhyncus tshawytscha,Chinook,NA,juvenile,NA,NA,NA,NA,NA,NA,7.755,NA,NA,NA,NA,NA,NA,NA,hatchery,1,Lehman et al. 2017
2017,Ucrit,see README,Lehman et al.,Trans. Amer. Fish. Soc.,1,46.790798,,NA,5.6565278,NA,NA,12.4,Oncorhyncus tshawytscha,Chinook,NA,juvenile,NA,NA,NA,NA,NA,NA,8.272,NA,NA,NA,NA,NA,NA,NA,hatchery,1,Lehman et al. 2017
2017,Ucrit,see README,Lehman et al.,Trans. Amer. Fish. Soc.,1,60.260233,,NA,7.2848444,NA,NA,16.2,Oncorhyncus tshawytscha,Chinook,NA,juvenile,NA,NA,NA,NA,NA,NA,8.272,NA,NA,NA,NA,NA,NA,NA,hatchery,1,Lehman et al. 2017
2017,Ucrit,see README,Lehman et al.,Trans. Amer. Fish. Soc.,1,54.385545,,NA,6.3370167,NA,NA,13.86667,Oncorhyncus tshawytscha,Chinook,NA,juvenile,NA,NA,NA,NA,NA,NA,8.5822,NA,NA,NA,NA,NA,NA,NA,hatchery,3,Lehman et al. 2017
2017,Ucrit,see README,Lehman et al.,Trans. Amer. Fish. Soc.,1,21.463404,,NA,2.500921,NA,NA,20.1,Oncorhyncus tshawytscha,Chinook,NA,juvenile,NA,NA,NA,NA,NA,NA,8.5822,NA,NA,NA,NA,NA,NA,NA,hatchery,3,Lehman et al. 2017
2017,Ucrit,see README,Lehman et al.,Trans. Amer. Fish. Soc.,1,58.831268,,NA,7.1120972,NA,NA,14,Oncorhyncus tshawytscha,Chinook,NA,juvenile,NA,NA,NA,NA,NA,NA,8.272,NA,NA,NA,NA,NA,NA,NA,hatchery,3,Lehman et al. 2017
2017,Ucrit,see README,Lehman et al.,Trans. Amer. Fish. Soc.,1,25.192744,,NA,3.0455444,NA,NA,20.56667,Oncorhyncus tshawytscha,Chinook,NA,juvenile,NA,NA,NA,NA,NA,NA,8.272,NA,NA,NA,NA,NA,NA,NA,hatchery,3,Lehman et al. 2017
2017,Ucrit,see README,Lehman et al.,Trans. Amer. Fish. Soc.,1,59.007083,,NA,6.9593672,NA,NA,14.26667,Oncorhyncus tshawytscha,Chinook,NA,juvenile,NA,NA,NA,NA,NA,NA,8.4788,NA,NA,NA,NA,NA,NA,NA,hatchery,1,Lehman et al. 2017
2017,Ucrit,see README,Lehman et al.,Trans. Amer. Fish. Soc.,1,60.673466,,NA,7.1559024,NA,NA,20.66667,Oncorhyncus tshawytscha,Chinook,NA,juvenile,NA,NA,NA,NA,NA,NA,8.4788,NA,NA,NA,NA,NA,NA,NA,hatchery,1,Lehman et al. 2017
2017,Ucrit,see README,Lehman et al.,Trans. Amer. Fish. Soc.,1,57.528107,,NA,6.6233889,NA,NA,13.1,Oncorhyncus tshawytscha,Chinook,NA,juvenile,NA,NA,NA,NA,NA,NA,8.6856,NA,NA,NA,NA,NA,NA,NA,hatchery,1,Lehman et al. 2017
2017,Ucrit,see README,Lehman et al.,Trans. Amer. Fish. Soc.,1,47.49617,,NA,5.468381,NA,NA,20.33333,Oncorhyncus tshawytscha,Chinook,NA,juvenile,NA,NA,NA,NA,NA,NA,8.6856,NA,NA,NA,NA,NA,NA,NA,hatchery,1,Lehman et al. 2017
2017,Ucrit,see README,Lehman et al.,Trans. Amer. Fish. Soc.,1,56.293131,,NA,6.9797564,NA,NA,13.36667,Oncorhyncus tshawytscha,Chinook,NA,juvenile,NA,NA,NA,NA,NA,NA,8.0652,NA,NA,NA,NA,NA,NA,NA,hatchery,3,Lehman et al. 2017
2017,Ucrit,see README,Lehman et al.,Trans. Amer. Fish. Soc.,1,3.248345,,NA,0.4027607,NA,NA,20.3,Oncorhyncus tshawytscha,Chinook,NA,juvenile,NA,NA,NA,NA,NA,NA,8.0652,NA,NA,NA,NA,NA,NA,NA,hatchery,3,Lehman et al. 2017
2017,Ucrit,see README,Lehman et al.,Trans. Amer. Fish. Soc.,1,52.83169,,NA,6.2310339,NA,NA,13.66667,Oncorhyncus tshawytscha,Chinook,NA,juvenile,NA,NA,NA,NA,NA,NA,8.4788,NA,NA,NA,NA,NA,NA,NA,hatchery,3,Lehman et al. 2017
2017,Ucrit,see README,Lehman et al.,Trans. Amer. Fish. Soc.,1,6.045178,,NA,0.7129756,NA,NA,19.96667,Oncorhyncus tshawytscha,Chinook,NA,juvenile,NA,NA,NA,NA,NA,NA,8.4788,NA,NA,NA,NA,NA,NA,NA,hatchery,3,Lehman et al. 2017
2017,Ucrit,see README,Lehman et al.,Trans. Amer. Fish. Soc.,1,63.50959,,NA,7.6776583,NA,NA,13.8,Oncorhyncus tshawytscha,Chinook,NA,juvenile,NA,NA,NA,NA,NA,NA,8.272,NA,NA,NA,NA,NA,NA,NA,hatchery,1,Lehman et al. 2017
2017,Ucrit,see README,Lehman et al.,Trans. Amer. Fish. Soc.,1,28.505657,,NA,3.4460417,NA,NA,20.33333,Oncorhyncus tshawytscha,Chinook,NA,juvenile,NA,NA,NA,NA,NA,NA,8.272,NA,NA,NA,NA,NA,NA,NA,hatchery,1,Lehman et al. 2017
2017,Ucrit,see README,Lehman et al.,Trans. Amer. Fish. Soc.,1,59.697094,,NA,6.8731111,NA,NA,14,Oncorhyncus tshawytscha,Chinook,NA,juvenile,NA,NA,NA,NA,NA,NA,8.6856,NA,NA,NA,NA,NA,NA,NA,hatchery,1,Lehman et al. 2017
2017,Ucrit,see README,Lehman et al.,Trans. Amer. Fish. Soc.,1,56.925009,,NA,6.5539524,NA,NA,20.36667,Oncorhyncus tshawytscha,Chinook,NA,juvenile,NA,NA,NA,NA,NA,NA,8.6856,NA,NA,NA,NA,NA,NA,NA,hatchery,1,Lehman et al. 2017
2017,Ucrit,see README,Lehman et al.,Trans. Amer. Fish. Soc.,1,50.432144,,NA,6.2530556,NA,NA,14.03333,Oncorhyncus tshawytscha,Chinook,NA,juvenile,NA,NA,NA,NA,NA,NA,8.0652,NA,NA,NA,NA,NA,NA,NA,hatchery,1,Lehman et al. 2017
2017,Ucrit,see README,Lehman et al.,Trans. Amer. Fish. Soc.,1,34.758806,,NA,4.3097265,NA,NA,17.86667,Oncorhyncus tshawytscha,Chinook,NA,juvenile,NA,NA,NA,NA,NA,NA,8.0652,NA,NA,NA,NA,NA,NA,NA,hatchery,1,Lehman et al. 2017
2017,Ucrit,see README,Lehman et al.,Trans. Amer. Fish. Soc.,1,66.98669,,NA,7.9980288,NA,NA,14.46667,Oncorhyncus tshawytscha,Chinook,NA,juvenile,NA,NA,NA,NA,NA,NA,8.3754,NA,NA,NA,NA,NA,NA,NA,hatchery,1,Lehman et al. 2017
2017,Ucrit,see README,Lehman et al.,Trans. Amer. Fish. Soc.,1,63.608647,,NA,7.5946996,NA,NA,18.1,Oncorhyncus tshawytscha,Chinook,NA,juvenile,NA,NA,NA,NA,NA,NA,8.3754,NA,NA,NA,NA,NA,NA,NA,hatchery,1,Lehman et al. 2017
2017,Ucrit,see README,Lehman et al.,Trans. Amer. Fish. Soc.,1,63.649817,,NA,6.217867,NA,NA,12.6,Oncorhyncus tshawytscha,Chinook,NA,juvenile,NA,NA,NA,NA,NA,NA,10.2366,NA,NA,NA,NA,NA,NA,NA,hatchery,1,Lehman et al. 2017
2017,Ucrit,see README,Lehman et al.,Trans. Amer. Fish. Soc.,1,45.657459,,NA,4.4602172,NA,NA,14.5,Oncorhyncus tshawytscha,Chinook,NA,juvenile,NA,NA,NA,NA,NA,NA,10.2366,NA,NA,NA,NA,NA,NA,NA,hatchery,1,Lehman et al. 2017
2017,Ucrit,see README,Lehman et al.,Trans. Amer. Fish. Soc.,1,57.221261,,NA,6.2886035,NA,NA,14.56667,Oncorhyncus tshawytscha,Chinook,NA,juvenile,NA,NA,NA,NA,NA,NA,9.0992,NA,NA,NA,NA,NA,NA,NA,hatchery,1,Lehman et al. 2017
2017,Ucrit,see README,Lehman et al.,Trans. Amer. Fish. Soc.,1,61.640646,,NA,6.7742929,NA,NA,18.2,Oncorhyncus tshawytscha,Chinook,NA,juvenile,NA,NA,NA,NA,NA,NA,9.0992,NA,NA,NA,NA,NA,NA,NA,hatchery,1,Lehman et al. 2017
2017,Ucrit,see README,Lehman et al.,Trans. Amer. Fish. Soc.,1,51.514753,,NA,6.5553743,NA,NA,14.46667,Oncorhyncus tshawytscha,Chinook,NA,juvenile,NA,NA,NA,NA,NA,NA,7.8584,NA,NA,NA,NA,NA,NA,NA,hatchery,1,Lehman et al. 2017
2017,Ucrit,see README,Lehman et al.,Trans. Amer. Fish. Soc.,1,32.373,,NA,4.1195409,NA,NA,18,Oncorhyncus tshawytscha,Chinook,NA,juvenile,NA,NA,NA,NA,NA,NA,7.8584,NA,NA,NA,NA,NA,NA,NA,hatchery,1,Lehman et al. 2017
2017,Ucrit,see README,Lehman et al.,Trans. Amer. Fish. Soc.,1,49.480347,,NA,5.5003831,NA,NA,13.73333,Oncorhyncus tshawytscha,Chinook,NA,juvenile,NA,NA,NA,NA,NA,NA,8.9958,NA,NA,NA,NA,NA,NA,NA,hatchery,1,Lehman et al. 2017
2017,Ucrit,see README,Lehman et al.,Trans. Amer. Fish. Soc.,1,31.431704,,NA,3.4940421,NA,NA,18.76667,Oncorhyncus tshawytscha,Chinook,NA,juvenile,NA,NA,NA,NA,NA,NA,8.9958,NA,NA,NA,NA,NA,NA,NA,hatchery,1,Lehman et al. 2017
2017,Ucrit,see README,Lehman et al.,Trans. Amer. Fish. Soc.,1,60.087779,,NA,7.3559459,NA,NA,13.86667,Oncorhyncus tshawytscha,Chinook,NA,juvenile,NA,NA,NA,NA,NA,NA,8.1686,NA,NA,NA,NA,NA,NA,NA,hatchery,1,Lehman et al. 2017
2017,Ucrit,see README,Lehman et al.,Trans. Amer. Fish. Soc.,1,58.182933,,NA,7.1227546,NA,NA,18.8,Oncorhyncus tshawytscha,Chinook,NA,juvenile,NA,NA,NA,NA,NA,NA,8.1686,NA,NA,NA,NA,NA,NA,NA,hatchery,1,Lehman et al. 2017
2017,Ucrit,see README,Lehman et al.,Trans. Amer. Fish. Soc.,1,45.842465,,NA,4.9814688,NA,NA,14.23333,Oncorhyncus tshawytscha,Chinook,NA,juvenile,NA,NA,NA,NA,NA,NA,9.2026,NA,NA,NA,NA,NA,NA,NA,hatchery,1,Lehman et al. 2017
2017,Ucrit,see README,Lehman et al.,Trans. Amer. Fish. Soc.,1,39.37877,,NA,4.2790918,NA,NA,18.93333,Oncorhyncus tshawytscha,Chinook,NA,juvenile,NA,NA,NA,NA,NA,NA,9.2026,NA,NA,NA,NA,NA,NA,NA,hatchery,1,Lehman et al. 2017
2017,Ucrit,see README,Lehman et al.,Trans. Amer. Fish. Soc.,1,52.041186,,NA,6.3708819,NA,NA,14.5,Oncorhyncus tshawytscha,Chinook,NA,juvenile,NA,NA,NA,NA,NA,NA,8.1686,NA,NA,NA,NA,NA,NA,NA,hatchery,1,Lehman et al. 2017
2017,Ucrit,see README,Lehman et al.,Trans. Amer. Fish. Soc.,1,54.669005,,NA,6.6925795,NA,NA,18.96667,Oncorhyncus tshawytscha,Chinook,NA,juvenile,NA,NA,NA,NA,NA,NA,8.1686,NA,NA,NA,NA,NA,NA,NA,hatchery,1,Lehman et al. 2017
2017,Ucrit,see README,Lehman et al.,Trans. Amer. Fish. Soc.,1,66.5896,,NA,8.05,NA,NA,12.2,Oncorhyncus tshawytscha,Chinook,NA,juvenile,NA,NA,NA,NA,NA,NA,8.272,NA,NA,NA,NA,NA,NA,NA,hatchery,1,Lehman et al. 2017
2017,Ucrit,see README,Lehman et al.,Trans. Amer. Fish. Soc.,1,82.995113,,NA,10.0332583,NA,NA,16.4,Oncorhyncus tshawytscha,Chinook,NA,juvenile,NA,NA,NA,NA,NA,NA,8.272,NA,NA,NA,NA,NA,NA,NA,hatchery,1,Lehman et al. 2017
2017,Ucrit,see README,Lehman et al.,Trans. Amer. Fish. Soc.,1,55.465931,,NA,6.2374535,NA,NA,12.5,Oncorhyncus tshawytscha,Chinook,NA,juvenile,NA,NA,NA,NA,NA,NA,8.8924,NA,NA,NA,NA,NA,NA,NA,hatchery,1,Lehman et al. 2017
2017,Ucrit,see README,Lehman et al.,Trans. Amer. Fish. Soc.,1,56.718278,,NA,6.3782868,NA,NA,15.8,Oncorhyncus tshawytscha,Chinook,NA,juvenile,NA,NA,NA,NA,NA,NA,8.8924,NA,NA,NA,NA,NA,NA,NA,hatchery,1,Lehman et al. 2017
2017,Ucrit,see README,Lehman et al.,Trans. Amer. Fish. Soc.,1,57.664112,,NA,7.4357333,NA,NA,12.8,Oncorhyncus tshawytscha,Chinook,NA,juvenile,NA,NA,NA,NA,NA,NA,7.755,NA,NA,NA,NA,NA,NA,NA,hatchery,1,Lehman et al. 2017
2017,Ucrit,see README,Lehman et al.,Trans. Amer. Fish. Soc.,1,33.339986,,NA,4.29916,NA,NA,16.4,Oncorhyncus tshawytscha,Chinook,NA,juvenile,NA,NA,NA,NA,NA,NA,7.755,NA,NA,NA,NA,NA,NA,NA,hatchery,1,Lehman et al. 2017
TEST ZERO,Ucrit,Ucrit set at zero at critical thermal maximum of fish,CTM,TEST ZERO,1,0,,NA,0,NA,NA,25.3,Oncorhyncus tshawytscha,Chinook,NA,juvenile,NA,NA,NA,NA,NA,NA,NA,NA,NA,NA,NA,NA,NA,NA,NA,1,CTM
1971,50% fail rate,1 of three samples which appx 50% fail rate,Greenland and Thomas,TAFS,1,24.4,,NA,7.176470588,NA,NA,11.7,Oncorhyncus tshawytscha,Chinook,NA,fry,NA,NA,NA,NA,NA,NA,3.4,NA,NA,NA,NA,NA,NA,NA,hatchery,1,Greenland and Thomas 1971
1971,50% fail rate,1 of three samples which appx 50% fail rate,Greenland and Thomas,TAFS,1,27.4,,NA,7.611111111,NA,NA,11.7,Oncorhyncus tshawytscha,Chinook,NA,fry,NA,NA,NA,NA,NA,NA,3.6,NA,NA,NA,NA,NA,NA,NA,hatchery,1,Greenland and Thomas 1971
1971,50% fail rate,1 of three samples which appx 50% fail rate,Greenland and Thomas,TAFS,1,27.4,,NA,7.210526316,NA,NA,11.7,Oncorhyncus tshawytscha,Chinook,NA,fry,NA,NA,NA,NA,NA,NA,3.8,NA,NA,NA,NA,NA,NA,NA,hatchery,1,Greenland and Thomas 1971
