No,Fish,Length,Depart,DLocation,DLocationGen,Arrive,ALocation,ALocationGen,Dist_km,DeltaTime,DeltaTimeMin,Distperhour,Distperday,Activity,,1,Dist_referenceA,Dist_referenceB,Helper1,Helper2,Dist.KM,
1,9,40,3/5/2013 6:12,FishermansCut,FishermansCut,3/5/2013 7:28,Santa_Clara_Shoals2_south,SJ_Santa_Clara_Shoals,1.75,1:16,76,1.38,33.16,Delta,,2,FishermansCut,Santa_Clara_Shoals2_south,FishermansCut Santa_Clara_Shoals2_south,Santa_Clara_Shoals2_south FishermansCut,1.75,
2,9,40,3/10/2013 0:23,ThreeMile_SJbrnW,ThreeMileSouth,3/11/2013 2:54,Santa_Clara_Shoals1_N,SJ_Santa_Clara_Shoals,5.10,2:31,1591,0.19,4.62,Delta,,3,Santa_Clara_Shoals1_N,ThreeMile_SJbrnW,Santa_Clara_Shoals1_N ThreeMile_SJbrnW,ThreeMile_SJbrnW Santa_Clara_Shoals1_N,5.1,
3,9,40,6/1/2013 11:04,SJ_BlwFalse2,SJ_Blw_False,6/1/2013 17:49,FranksTractW,FranksTractW,2.56,6:45,405,0.38,9.10,Delta,,4,Santa_Clara_Shoals2_south,Quimby_E_Point,Santa_Clara_Shoals2_south Quimby_E_Point,Quimby_E_Point Santa_Clara_Shoals2_south,skipped a station,
4,9,40,6/1/2013 17:49,FranksTractW,FranksTractW,6/1/2013 18:58,SJ_BlwFalse2,SJ_Blw_False,2.56,1:09,69,2.23,53.43,Delta,,5,SJ_BlwFalse2,FranksTractW,SJ_BlwFalse2 FranksTractW,FranksTractW SJ_BlwFalse2,2.56,
5,9,40,6/3/2013 22:09,SJ_BlwFalse2,SJ_Blw_False,6/4/2013 18:48,AntiochBridge13,Antioch_Br,5.98,20:39,1239,0.29,6.95,Delta,,6,SJ_BlwFalse2,AntiochBridge13,SJ_BlwFalse2 AntiochBridge13,AntiochBridge13 SJ_BlwFalse2,5.98,
6,9,40,6/10/2013 16:45,AntiochBridge09,Antioch_Br,6/11/2013 4:22,SJ_BlwFalse2,SJ_Blw_False,6.12,11:37,697,0.53,12.64,Delta,,7,SJ_BlwFalse2,AntiochBridge09,SJ_BlwFalse2 AntiochBridge09,AntiochBridge09 SJ_BlwFalse2,6.12,
7,9,40,6/12/2013 15:33,SJ_BlwFalse2,SJ_Blw_False,6/12/2013 20:02,Santa_Clara_Shoals2_south,SJ_Santa_Clara_Shoals,7.12,4:29,269,1.59,38.11,Delta,,8,SJ_BlwFalse2,Santa_Clara_Shoals2_south,SJ_BlwFalse2 Santa_Clara_Shoals2_south,Santa_Clara_Shoals2_south SJ_BlwFalse2,7.12,
8,9,40,6/12/2013 22:03,Santa_Clara_Shoals2_south,SJ_Santa_Clara_Shoals,6/13/2013 9:12,ThreeMile_SJbrnW,ThreeMileSouth,4.52,11:09,669,0.41,9.73,Delta,,9,Santa_Clara_Shoals2_south,ThreeMile_SJbrnW,Santa_Clara_Shoals2_south ThreeMile_SJbrnW,ThreeMile_SJbrnW Santa_Clara_Shoals2_south,4.52,
9,9,40,6/13/2013 9:20,ThreeMile_SJbrnW,ThreeMileSouth,6/13/2013 10:31,ThreeMile_SacBrnSE,ThreeMileNorth,3.40,1:11,71,2.87,68.96,Delta,,10,ThreeMile_SJbrnW,ThreeMile_SacBrnSE,ThreeMile_SJbrnW ThreeMile_SacBrnSE,ThreeMile_SacBrnSE ThreeMile_SJbrnW,3.4,
10,9,40,6/13/2013 10:39,ThreeMile_SacBrnSE,ThreeMileNorth,6/13/2013 13:50,Decker_IsCR2,Decker_IsS,6.69,3:11,191,2.10,50.44,Delta,,11,ThreeMile_SacBrnSE,Decker_IsCR2,ThreeMile_SacBrnSE Decker_IsCR2,Decker_IsCR2 ThreeMile_SacBrnSE,6.69,
11,9,40,6/28/2013 10:42,Decker_IsCL3,Decker_IsS,6/30/2013 17:19,AntiochBridge19,Antioch_Br,9.44,6:37,3277,0.17,4.15,Delta,,12,Decker_IsCL3,AntiochBridge19,Decker_IsCL3 AntiochBridge19,AntiochBridge19 Decker_IsCL3,9.44,
12,9,40,6/30/2013 17:37,AntiochBridge17,Antioch_Br,6/30/2013 19:36,SJ_BlwFalse_SE,SJ_Blw_False,5.87,1:59,119,2.96,71.03,Delta,,13,AntiochBridge17,SJ_BlwFalse_SE,AntiochBridge17 SJ_BlwFalse_SE,SJ_BlwFalse_SE AntiochBridge17,5.87,
13,9,40,6/30/2013 19:42,SJ_BlwFalse2,SJ_Blw_False,6/30/2013 20:27,FranksTractW,FranksTractW,2.56,0:45,45,3.41,81.92,Delta,,14,Quimby_E_Point,OR_DiscovBayN2,Quimby_E_Point OR_DiscovBayN2,OR_DiscovBayN2 Quimby_E_Point,9.62,
14,9,40,7/2/2013 20:08,Quimby_E_Point,Quimby,7/3/2013 5:21,OR_DiscovBayN2,OldRiver_N,9.62,9:13,553,1.04,25.05,Delta,,15,FranksTractE,SJ_PrisonersPointN,FranksTractE SJ_PrisonersPointN,SJ_PrisonersPointN FranksTractE,2.92,
15,9,40,7/10/2013 0:57,FranksTractE,FranksTractE,7/10/2013 6:17,SJ_PrisonersPointN,SJ_PrisonersPt,2.92,5:20,320,0.55,13.14,Delta,,16,SJ_PrisonersPointN,Santa_Clara_Shoals2_south,SJ_PrisonersPointN Santa_Clara_Shoals2_south,Santa_Clara_Shoals2_south SJ_PrisonersPointN,11.68,
16,9,40,7/10/2013 7:13,SJ_PrisonersPointN,SJ_PrisonersPt,7/10/2013 23:39,Santa_Clara_Shoals2_south,SJ_Santa_Clara_Shoals,11.68,16:26,986,0.71,17.06,Delta,,17,SJ_PrisonersPointN,SJ_MedfordChannel,SJ_PrisonersPointN SJ_MedfordChannel,SJ_MedfordChannel SJ_PrisonersPointN,5.21,
17,9,40,7/13/2013 15:58,SJ_PrisonersPointN,SJ_PrisonersPt,7/13/2013 23:54,SJ_MedfordChannel,SJ_MedfordChannel,5.21,7:56,476,0.66,15.76,Delta,,18,SJ_MedfordChannel,SJ_PrisonersPointN,SJ_MedfordChannel SJ_PrisonersPointN,SJ_PrisonersPointN SJ_MedfordChannel,5.21,
18,9,40,7/14/2013 10:10,SJ_MedfordChannel,SJ_MedfordChannel,7/15/2013 1:35,SJ_PrisonersPointN,SJ_PrisonersPt,5.21,15:25,925,0.34,8.11,Delta,,19,SJ_MedfordChannel,SJ_PrisonersPointN,SJ_MedfordChannel SJ_PrisonersPointN,SJ_PrisonersPointN SJ_MedfordChannel,5.21,
19,9,40,7/18/2013 8:53,SJ_MedfordChannel,SJ_MedfordChannel,7/18/2013 15:53,SJ_PrisonersPointN,SJ_PrisonersPt,5.21,7:00,420,0.74,17.86,Delta,,20,AntiochBridge20,SJ_BlwFalse2,AntiochBridge20 SJ_BlwFalse2,SJ_BlwFalse2 AntiochBridge20,5.77,
20,21,38,6/27/2013 1:05,FranksTractW,FranksTractW,6/27/2013 21:27,SJ_BlwFalse2,SJ_Blw_False,2.56,20:22,1222,0.13,3.02,Delta,,21,FranksTractW,Santa_Clara_Shoals2_south,FranksTractW Santa_Clara_Shoals2_south,Santa_Clara_Shoals2_south FranksTractW,6.75,
21,3,42,3/31/13 7:35 AM,ThreeMile_SJbrnW,ThreeMileSouth,3/31/13 8:52 PM,Santa_Clara_Shoals1_N,SJ_Santa_Clara_Shoals,5.10,13:16,796,0.38,9.22,Delta,,22,Santa_Clara_Shoals1_N,SJ_BlwFalse2,Santa_Clara_Shoals1_N SJ_BlwFalse2,SJ_BlwFalse2 Santa_Clara_Shoals1_N,7.67,
22,3,42,5/31/13 4:44 AM,AntiochBridge20,Antioch_Br,5/31/13 6:38 PM,SJ_BlwFalse2,SJ_Blw_False,5.77,13:53,834,0.42,9.96,Delta,,23,SJ_BlwFalse2,AntiochBridge15,SJ_BlwFalse2 AntiochBridge15,AntiochBridge15 SJ_BlwFalse2,6.05,
23,3,42,6/1/13 12:18 AM,FranksTractW,FranksTractW,6/1/13 4:29 PM,Santa_Clara_Shoals2_south,SJ_Santa_Clara_Shoals,6.75,16:10,970,0.42,10.02,Delta,,24,AntiochBridge17,SJ_BlwFalse2,AntiochBridge17 SJ_BlwFalse2,SJ_BlwFalse2 AntiochBridge17,5.94,
24,3,42,6/2/13 4:13 AM,Santa_Clara_Shoals1_N,SJ_Santa_Clara_Shoals,6/2/13 8:32 AM,SJ_BlwFalse2,SJ_Blw_False,7.67,4:18,259,1.78,42.65,Delta,,25,BenBr02,CarBr03,BenBr02 CarBr03,CarBr03 BenBr02,9.54,
25,3,42,6/2/13 1:50 PM,SJ_BlwFalse2,SJ_Blw_False,6/2/13 5:49 PM,AntiochBridge15,Antioch_Br,6.05,3:59,239,1.52,36.38,Delta,,26,CarBr03,BenBr03,CarBr03 BenBr03,BenBr03 CarBr03,9.69,
26,3,42,6/3/13 10:50 AM,AntiochBridge17,Antioch_Br,6/4/13 1:10 AM,SJ_BlwFalse2,SJ_Blw_False,5.94,14:20,861,0.41,9.94,Delta,,27,BenBr02,Decker_IsCL3,BenBr02 Decker_IsCL3,Decker_IsCL3 BenBr02,34.26,
27,3,42,6/5/13 4:16 AM,SJ_BlwFalse2,SJ_Blw_False,6/5/13 6:21 AM,AntiochBridge17,Antioch_Br,5.94,2:04,124,2.86,68.73,Delta,,28,Decker_IsSE,RioVistaBr02,Decker_IsSE RioVistaBr02,RioVistaBr02 Decker_IsSE,11.56,
28,3,42,6/14/13 9:43 AM,BenBr02,BeniciaBridge,6/14/13 12:08 PM,CarBr03,Carquinez Bridge,9.54,2:25,146,3.93,94.33,Migrate,,29,RioVistaBr03,Decker_IsSW,RioVistaBr03 Decker_IsSW,Decker_IsSW RioVistaBr03,11.26,
29,3,42,6/14/13 12:35 PM,CarBr03,Carquinez Bridge,6/15/13 6:21 AM,BenBr03,BeniciaBridge,9.69,17:46,1066,0.55,13.09,Migrate,,30,Decker_IsSE,RioVistaBr03,Decker_IsSE RioVistaBr03,RioVistaBr03 Decker_IsSE,11.53,
30,3,42,6/15/13 9:13 AM,BenBr02,BeniciaBridge,6/16/13 9:23 PM,Decker_IsCL3,Decker_IsS,34.26,12:09,2170,0.95,22.74,Migrate,,31,RioVistaBr03,SteamboatSl_Mouth1,RioVistaBr03 SteamboatSl_Mouth1,SteamboatSl_Mouth1 RioVistaBr03,3.54,
31,3,42,6/17/13 3:40 AM,Decker_IsSE,Decker_IsS,6/17/13 8:45 AM,RioVistaBr02,SR_RioVista,11.56,5:04,305,2.27,54.60,Delta,,32,Decker_IsSW,RioVistaBr01,Decker_IsSW RioVistaBr01,RioVistaBr01 Decker_IsSW,11.23,
32,3,42,6/17/13 1:02 PM,RioVistaBr03,SR_RioVista,6/18/13 4:41 AM,Decker_IsSW,Decker_IsS,11.14,15:39,939,0.71,17.08,Delta,,33,BenBrCenter,Carq_East,BenBrCenter Carq_East,Carq_East BenBrCenter,9.79,
33,3,42,6/19/13 8:38 PM,Decker_IsSE,Decker_IsS,6/19/13 10:56 PM,RioVistaBr03,SR_RioVista,11.53,2:18,138,5.01,120.21,Delta,,34,SP_Petaluma_G5,Vallejo_Marina,SP_Petaluma_G5 Vallejo_Marina,Vallejo_Marina SP_Petaluma_G5,21.63,
34,3,42,6/19/13 11:15 PM,RioVistaBr03,SR_RioVista,6/20/13 12:38 AM,SteamboatSl_Mouth1,SR_SteamboatSl,3.54,1:23,83,2.56,61.40,Delta,,35,Santa_Clara_Shoals1_N,FranksTractW,Santa_Clara_Shoals1_N FranksTractW,FranksTractW Santa_Clara_Shoals1_N,7.3,
35,3,42,6/20/13 12:39 AM,SteamboatSl_Mouth1,SR_SteamboatSl,6/20/13 3:11 AM,RioVistaBr03,SR_RioVista,3.54,2:31,151,1.40,33.65,Delta,,36,FranksTractW,FranksTractE,FranksTractW FranksTractE,FranksTractE FranksTractW,9.55,
36,3,42,6/20/13 3:38 AM,RioVistaBr03,SR_RioVista,6/20/13 5:41 AM,Decker_IsSE,Decker_IsS,11.53,2:02,123,5.64,135.41,Delta,,37,FranksTractE,Santa_Clara_Shoals2_south,FranksTractE Santa_Clara_Shoals2_south,Santa_Clara_Shoals2_south FranksTractE,10.63,
37,3,42,6/20/13 8:36 PM,Decker_IsSW,Decker_IsS,6/21/13 12:29 AM,RioVistaBr01,SR_RioVista,11.23,3:52,233,2.90,69.53,Delta,,38,Santa_Clara_Shoals2_south,SJ_BlwFalse_SE,Santa_Clara_Shoals2_south SJ_BlwFalse_SE,SJ_BlwFalse_SE Santa_Clara_Shoals2_south,7.22,
38,3,42,6/21/13 12:45 AM,RioVistaBr03,SR_RioVista,6/21/13 2:09 AM,SteamboatSl_Mouth1,SR_SteamboatSl,3.54,1:23,84,2.53,60.78,Delta,,39,BenBr02,Carq_East,BenBr02 Carq_East,Carq_East BenBr02,9.54,
39,3,42,6/21/13 2:19 AM,SteamboatSl_Mouth1,SR_SteamboatSl,6/21/13 3:51 AM,RioVistaBr03,SR_RioVista,3.54,1:32,93,2.29,54.86,Delta,,40,CarBr02,SP_Petaluma_G5,CarBr02 SP_Petaluma_G5,SP_Petaluma_G5 CarBr02,17.89,
40,3,42,6/21/13 4:15 AM,RioVistaBr03,SR_RioVista,6/21/13 6:13 AM,Decker_IsSE,Decker_IsS,11.53,1:57,117,5.89,141.36,Delta,,41,BenBr04,Decker_IsSW,BenBr04 Decker_IsSW,Decker_IsSW BenBr04,33.76,
41,3,42,6/29/13 12:31 PM,Decker_IsSW,Decker_IsS,7/2/13 5:07 AM,BenBr02,BeniciaBridge,34.09,16:36,3876,0.53,12.66,Migrate,,42,Decker_IsSW,RioVistaBr03,Decker_IsSW RioVistaBr03,RioVistaBr03 Decker_IsSW,11.14,
42,3,42,7/4/13 4:27 AM,BenBrCenter,BeniciaBridge,7/4/13 7:23 AM,Carq_East,Carquinez Bridge,9.79,2:56,177,3.32,79.79,Migrate,,43,Decker_IsSW,BenBrCenter,Decker_IsSW BenBrCenter,BenBrCenter Decker_IsSW,34.02,
43,3,42,7/4/13 9:35 AM,CarBr03,Carquinez Bridge,7/5/13 1:40 PM,BenBr05,BeniciaBridge,9.95,4:05,1685,0.35,8.50,Migrate,,44,BenBr04,CarBr02,BenBr04 CarBr02,CarBr02 BenBr04,9.84,
44,3,42,7/8/13 8:56 AM,SP_Petaluma_G5,SP_Petaluma_Channel,7/12/13 6:12 PM,Vallejo_Marina,Vallejo_Marina,21.63,9:16,6316,0.21,4.93,Migrate,Too long a time gap,45,Decker_IsSW,BenBr02,Decker_IsSW BenBr02,BenBr02 Decker_IsSW,34.09,
45,4,41,3/2/13 11:47 PM,Santa_Clara_Shoals1_N,SJ_Santa_Clara_Shoals,3/3/13 3:25 AM,FranksTractW,FranksTractW,7.30,3:37,218,2.01,48.22,Delta,,46,CarBr03,BenBr05,CarBr03 BenBr05,BenBr05 CarBr03,9.95,
46,4,41,3/3/13 3:26 AM,FranksTractW,FranksTractW,3/15/13 3:13 PM,FranksTractE,FranksTractE,9.55,11:47,17987,0.03,0.76,Delta,,47,SJ_BlwFalse_SE,AntiochBridge19,SJ_BlwFalse_SE AntiochBridge19,AntiochBridge19 SJ_BlwFalse_SE,5.86,
47,4,41,3/15/13 3:21 PM,FranksTractE,FranksTractE,3/18/13 2:34 AM,Santa_Clara_Shoals2_south,SJ_Santa_Clara_Shoals,10.63,11:13,3553,0.18,4.31,Delta,,48,AntiochBridge19,BenBr03,AntiochBridge19 BenBr03,BenBr03 AntiochBridge19,36.53,
48,4,41,5/16/13 9:00 AM,Santa_Clara_Shoals2_south,SJ_Santa_Clara_Shoals,5/18/13 4:31 AM,SJ_BlwFalse_SE,SJ_Blw_False,7.22,19:30,2611,0.17,3.98,Delta,,49,SP_Petaluma_G5,BenBr04,SP_Petaluma_G5 BenBr04,BenBr04 SP_Petaluma_G5,skipped a station,
49,4,41,5/18/13 7:06 PM,SJ_BlwFalse2,SJ_Blw_False,5/18/13 11:00 PM,Santa_Clara_Shoals2_south,SJ_Santa_Clara_Shoals,7.12,3:54,234,1.82,43.77,Delta,,50,SJ_PrisonersPointN,PotatoSlough,SJ_PrisonersPointN PotatoSlough,PotatoSlough SJ_PrisonersPointN,3.85,
50,4,41,7/6/13 5:57 AM,SJ_BlwFalse_SE,SJ_Blw_False,7/6/13 7:36 AM,AntiochBridge19,Antioch_Br,5.86,1:38,99,3.57,85.61,Delta,,51,SJ_PrisonersPointN,Santa_Clara_Shoals1_N,SJ_PrisonersPointN Santa_Clara_Shoals1_N,Santa_Clara_Shoals1_N SJ_PrisonersPointN,11.82,
51,4,41,7/6/13 6:42 PM,AntiochBridge19,Antioch_Br,7/7/13 12:52 AM,SJ_BlwFalse_SE,SJ_Blw_False,5.86,6:10,370,0.95,22.79,Delta,,52,AntiochBridge19,BenBr01,AntiochBridge19 BenBr01,BenBr01 AntiochBridge19,34.3,
52,4,41,7/7/13 12:52 AM,SJ_BlwFalse_SE,SJ_Blw_False,7/7/13 4:11 AM,Santa_Clara_Shoals2_south,SJ_Santa_Clara_Shoals,7.22,3:18,199,2.18,52.27,Delta,,53,BenBr02,CarBr01,BenBr02 CarBr01,CarBr01 BenBr02,9.9,
53,4,41,7/7/13 4:11 AM,Santa_Clara_Shoals2_south,SJ_Santa_Clara_Shoals,7/7/13 7:54 AM,SJ_BlwFalse_SE,SJ_Blw_False,7.22,3:42,223,1.94,46.67,Delta,,54,CarBr01,RichBr_19_2009,CarBr01 RichBr_19_2009,RichBr_19_2009 CarBr01,25.56,
54,4,41,7/7/13 8:01 AM,SJ_BlwFalse_SE,SJ_Blw_False,7/7/13 9:42 AM,AntiochBridge19,Antioch_Br,5.86,1:41,101,3.47,83.33,Delta,,55,RichBr_20_2009,BayBr08.1,RichBr_20_2009 BayBr08.1,BayBr08.1 RichBr_20_2009,16.64,
55,4,41,7/7/13 9:51 AM,AntiochBridge19,Antioch_Br,7/9/13 7:36 AM,BenBr03,BeniciaBridge,36.53,21:45,2746,0.80,19.16,Delta,,56,BayBr07.1,GG1,BayBr07.1 GG1,GG1 BayBr07.1,11.87,
56,4,41,7/20/13 2:07 AM,BenBr02,BeniciaBridge,7/20/13 5:05 AM,Carq_East,Carquinez Bridge,9.54,2:58,179,3.20,76.83,Migrate,,57,Santa_Clara_Shoals2_south,AntiochS,Santa_Clara_Shoals2_south AntiochS,AntiochS Santa_Clara_Shoals2_south,skipped a station,
57,4,41,7/20/13 5:07 AM,CarBr02,Carquinez Bridge,7/26/13 9:30 AM,SP_Petaluma_G5,SP_Petaluma_Channel,17.89,4:23,8904,0.12,2.89,Migrate,,58,AntiochS,Decker_IsSW,AntiochS Decker_IsSW,Decker_IsSW AntiochS,10.97,
58,4,41,7/26/13 9:36 AM,SP_Petaluma_G5,SP_Petaluma_Channel,7/28/13 5:44 AM,BenBr04,BeniciaBridge,skipped a station,,,,0.00,,,59,BenBr03,Carq_West,BenBr03 Carq_West,Carq_West BenBr03,9.56,
59,4,41,7/28/13 6:03 AM,BenBr04,BeniciaBridge,7/29/13 6:13 PM,Decker_IsSW,Decker_IsS,33.76,12:09,2170,0.93,22.40,Migrate,,60,CarBr02,BenBr05,CarBr02 BenBr05,BenBr05 CarBr02,10.06,
60,4,41,7/29/13 6:26 PM,Decker_IsSW,Decker_IsS,7/30/13 8:46 AM,RioVistaBr03,SR_RioVista,11.26,14:19,860,0.79,18.86,Delta,,61,BenBr03,CarBr01,BenBr03 CarBr01,CarBr01 BenBr03,9.75,
61,4,41,7/31/13 1:32 AM,RioVistaBr03,SR_RioVista,7/31/13 12:21 PM,Decker_IsSW,Decker_IsS,11.14,10:48,649,1.03,24.73,Delta,,62,CarBr01,SP_Petaluma_G3,CarBr01 SP_Petaluma_G3,SP_Petaluma_G3 CarBr01,17.84,
62,4,41,7/31/13 10:12 PM,Decker_IsSW,Decker_IsS,8/9/13 5:38 AM,BenBrCenter,BeniciaBridge,34.02,7:25,11965,0.17,4.09,Delta,,63,SP_Petaluma_G3,RichBr_20_2009,SP_Petaluma_G3 RichBr_20_2009,RichBr_20_2009 SP_Petaluma_G3,13.62,
63,4,41,8/9/13 5:52 AM,BenBr04,BeniciaBridge,8/9/13 8:59 AM,CarBr02,Carquinez Bridge,9.84,3:06,187,3.16,75.89,Delta,,64,RichBr_23_2009,BayBr03.5,RichBr_23_2009 BayBr03.5,BayBr03.5 RichBr_23_2009,17.46,
64,7,41,3/3/13 2:17 AM,Santa_Clara_Shoals2_south,SJ_Santa_Clara_Shoals,3/4/13 9:52 PM,FranksTractE,FranksTractE,10.63,19:35,2616,0.24,5.85,Delta,,65,BayBr16B,GG8,BayBr16B GG8,GG8 BayBr16B,7.79,
65,7,41,4/5/13 4:51 PM,FranksTractE,FranksTractE,5/22/13 1:46 AM,SJ_PrisonersPointN,SJ_PrisonersPt,2.92,8:54,66775,0.00,0.06,Delta,,66,GG9,BayBr18,GG9 BayBr18,BayBr18 GG9,7.85,
66,7,41,6/1/13 11:30 AM,SJ_PrisonersPointN,SJ_PrisonersPt,6/4/13 2:19 PM,PotatoSlough,PotatoSlough,3.85,2:48,4489,0.05,1.24,Delta,,67,BayBr11,GG5.1,BayBr11 GG5.1,GG5.1 BayBr11,8.53,
67,7,41,6/16/13 12:05 PM,PotatoSlough,PotatoSlough,6/16/13 11:24 PM,SJ_PrisonersPointN,SJ_PrisonersPt,3.85,11:18,678,0.34,8.17,Delta,,68,Santa_Clara_Shoals1_N,AntiochS,Santa_Clara_Shoals1_N AntiochS,AntiochS Santa_Clara_Shoals1_N,skipped a station,
68,7,41,6/17/13 11:29 AM,SJ_PrisonersPointN,SJ_PrisonersPt,6/19/13 3:35 AM,Santa_Clara_Shoals1_N,SJ_Santa_Clara_Shoals,11.82,16:06,2406,0.29,7.07,Delta,,69,Decker_IsSW,BenBr03,Decker_IsSW BenBr03,BenBr03 Decker_IsSW,33.68,
69,7,41,6/19/13 3:52 AM,Santa_Clara_Shoals1_N,SJ_Santa_Clara_Shoals,6/19/13 6:23 AM,SJ_BlwFalse2,SJ_Blw_False,7.67,2:30,151,3.05,73.15,Delta,,70,BenBr04,CarBr01,BenBr04 CarBr01,CarBr01 BenBr04,9.97,
70,7,41,6/19/13 6:26 AM,SJ_BlwFalse2,SJ_Blw_False,6/19/13 12:45 PM,AntiochBridge20,Antioch_Br,5.77,6:18,379,0.91,21.92,Delta,,71,CarBr01,RichBr_3_2009,CarBr01 RichBr_3_2009,RichBr_3_2009 CarBr01,26.03,
71,7,41,6/19/13 3:15 PM,AntiochBridge19,Antioch_Br,6/21/13 6:33 AM,BenBr01,BeniciaBridge,34.30,15:17,2358,0.87,20.95,Delta,,72,Decker_IsSW,Decker_IsN,Decker_IsSW Decker_IsN,Decker_IsN Decker_IsSW,4.26,
72,7,41,6/29/13 8:34 AM,BenBr02,BeniciaBridge,6/29/13 12:20 PM,CarBr01,Carquinez Bridge,9.90,3:46,227,2.62,62.89,Delta,,73,Decker_IsN,RioVistaBr03,Decker_IsN RioVistaBr03,RioVistaBr03 Decker_IsN,6.95,
73,7,41,6/29/13 12:20 PM,CarBr01,Carquinez Bridge,7/1/13 11:50 PM,RichBr_19_2009,RichmondBridge,25.56,11:29,3570,0.43,10.31,Migrate,,74,RioVistaBr02,Decker_IsN,RioVistaBr02 Decker_IsN,Decker_IsN RioVistaBr02,7.01,
74,7,41,7/8/13 6:28 AM,RichBr_20_2009,RichmondBridge,7/11/13 6:35 PM,BayBr08.1,BayBridge,16.64,12:07,5047,0.20,4.75,Migrate,,75,Decker_IsCL3,BenBr06,Decker_IsCL3 BenBr06,BenBr06 Decker_IsCL3,33.57,
75,7,41,7/12/13 4:56 AM,BayBr07.1,BayBridge,7/13/13 3:52 AM,GG1,GoldenGate,11.87,22:55,1376,0.52,12.42,Migrate,,76,CarBr03,SP_Petaluma_G3,CarBr03 SP_Petaluma_G3,SP_Petaluma_G3 CarBr03,18.06,
76,12,46,2/28/13 10:05 PM,Santa_Clara_Shoals2_south,SJ_Santa_Clara_Shoals,3/3/13 3:37 PM,AntiochS,SJ_Antioch,skipped a station,17:32,3932,#VALUE!,#VALUE!,,,77,SP_Petaluma_G3,RichBr_3_2009,SP_Petaluma_G3 RichBr_3_2009,RichBr_3_2009 SP_Petaluma_G3,14.37,
77,12,46,3/3/13 11:26 PM,AntiochS,SJ_Antioch,4/1/13 7:39 AM,Decker_IsSW,Decker_IsS,10.97,8:12,40813,0.02,0.39,Delta,,78,RichBr_1_2009,GG5.1,RichBr_1_2009 GG5.1,GG5.1 RichBr_1_2009,16.48,
78,12,46,4/13/13 5:41 AM,Decker_IsSW,Decker_IsS,4/19/13 3:49 PM,BenBr04,BeniciaBridge,33.76,10:07,9247,0.22,5.26,Delta,,79,GG5.1,BayBr10,GG5.1 BayBr10,BayBr10 GG5.1,16.63,
79,12,46,4/20/13 2:17 PM,BenBr03,BeniciaBridge,4/21/13 4:02 AM,Carq_West,Carquinez Bridge,9.56,13:45,826,0.69,16.67,Delta,,80,BayBr10,RichBr_26_2009,BayBr10 RichBr_26_2009,RichBr_26_2009 BayBr10,17.83,
80,12,46,4/21/13 7:55 PM,CarBr02,Carquinez Bridge,4/21/13 10:11 PM,BenBr05,BeniciaBridge,10.06,2:16,136,4.42,106.15,Delta,,81,SJ_BlwFalse_SE,AntiochBridge20,SJ_BlwFalse_SE AntiochBridge20,AntiochBridge20 SJ_BlwFalse_SE,5.79,
81,12,46,4/25/13 6:54 AM,BenBr03,BeniciaBridge,4/25/13 6:32 PM,CarBr01,Carquinez Bridge,9.75,11:37,698,0.84,20.12,Delta,,82,AntiochBridge15,BenBr05,AntiochBridge15 BenBr05,BenBr05 AntiochBridge15,36.44,
82,12,46,4/25/13 6:33 PM,CarBr01,Carquinez Bridge,5/5/13 2:24 PM,SP_Petaluma_G3,SP_Petaluma_Channel,17.84,19:50,14151,0.08,1.82,Migrate,,83,BenBr02,Carq_West,BenBr02 Carq_West,Carq_West BenBr02,9.52,
83,12,46,5/7/13 11:25 AM,SP_Petaluma_G3,SP_Petaluma_Channel,5/11/13 8:06 AM,RichBr_20_2009,RichmondBridge,13.62,20:41,5561,0.15,3.53,Migrate,,84,CarBr04,RichBr_13_2009,CarBr04 RichBr_13_2009,RichBr_13_2009 CarBr04,25.74,
84,12,46,5/17/13 9:05 PM,RichBr_23_2009,RichmondBridge,5/20/13 8:11 PM,BayBr03.5,BayBridge,17.46,23:06,4266,0.25,5.89,Migrate,,85,RichBr_9_2009,GG9,RichBr_9_2009 GG9,GG9 RichBr_9_2009,15,
85,12,46,5/20/13 8:51 PM,BayBr16B,BayBridge,5/21/13 2:43 PM,GG8,GoldenGate,7.79,17:51,1072,0.44,10.47,Migrate,,86,ThreeMile_SacBrnSE,Decker_IsSW,ThreeMile_SacBrnSE Decker_IsSW,Decker_IsSW ThreeMile_SacBrnSE,7.95,
86,12,46,5/22/13 6:02 AM,GG9,GoldenGate,5/22/13 8:35 PM,BayBr18,BayBridge,7.85,14:33,873,0.54,12.94,Migrate,,87,FranksTractW,AntiochS,FranksTractW AntiochS,AntiochS FranksTractW,skipped a station,
87,12,46,5/25/13 1:33 AM,BayBr11,BayBridge,5/26/13 12:22 PM,GG5.1,GoldenGate,8.53,10:48,2089,0.25,5.88,Migrate,,88,BenBr03,CarBr04,BenBr03 CarBr04,CarBr04 BenBr03,9.5,
88,14,45,2/28/13 10:43 PM,Santa_Clara_Shoals1_N,SJ_Santa_Clara_Shoals,3/1/13 12:16 AM,ThreeMile_SJbrnW,ThreeMileSouth,5.10,1:33,94,3.27,78.50,Delta,,89,CarBr03,BenBr04,CarBr03 BenBr04,BenBr04 CarBr03,9.6,
89,14,45,3/1/13 2:44 AM,ThreeMile_SJbrnW,ThreeMileSouth,3/1/13 4:02 AM,Santa_Clara_Shoals2_south,SJ_Santa_Clara_Shoals,4.52,1:17,77,3.51,84.24,Delta,,90,BenBrCenter,CarBr04,BenBrCenter CarBr04,CarBr04 BenBrCenter,9.68,
90,14,45,3/1/13 1:08 PM,Santa_Clara_Shoals1_N,SJ_Santa_Clara_Shoals,3/2/13 11:56 PM,AntiochS,SJ_Antioch,skipped a station,10:47,2088,#VALUE!,#VALUE!,,,91,CarBr02,BenBr03,CarBr02 BenBr03,BenBr03 CarBr02,9.57,
91,14,45,3/4/13 12:17 PM,AntiochS,SJ_Antioch,3/5/13 7:51 AM,Decker_IsSW,Decker_IsS,10.97,19:33,1174,0.56,13.46,Delta,,92,BenBr01,CarBr04,BenBr01 CarBr04,CarBr04 BenBr01,9.5,
92,14,45,3/6/13 3:43 AM,Decker_IsSW,Decker_IsS,3/24/13 5:09 PM,BenBr03,BeniciaBridge,33.68,13:26,26726,0.08,1.81,Delta,,93,CarBr05,BenBr03,CarBr05 BenBr03,BenBr03 CarBr05,9.57,
93,14,45,3/27/13 6:45 PM,BenBr04,BeniciaBridge,3/28/13 6:45 AM,CarBr01,Carquinez Bridge,9.97,12:00,720,0.83,19.94,Delta,,94,BenBrCenter,CarBr03,BenBrCenter CarBr03,CarBr03 BenBrCenter,9.61,
94,14,45,3/28/13 6:46 AM,CarBr01,Carquinez Bridge,4/7/13 3:29 PM,RichBr_3_2009,RichmondBridge,26.03,8:43,14923,0.10,2.51,Migrate,,95,CarBr04,BenBr03,CarBr04 BenBr03,BenBr03 CarBr04,9.5,
95,17,38,3/11/13 5:48 AM,Santa_Clara_Shoals1_N,SJ_Santa_Clara_Shoals,3/13/13 11:37 PM,AntiochS,SJ_Antioch,skipped a station,17:48,3949,#VALUE!,#VALUE!,,,96,BenBr02,CarBr04,BenBr02 CarBr04,CarBr04 BenBr02,9.51,
96,17,38,3/19/13 12:37 PM,AntiochS,SJ_Antioch,3/21/13 12:09 AM,Decker_IsSW,Decker_IsS,10.97,11:31,2132,0.31,7.41,Delta,,97,Carq_East,RichBr_13_2009,Carq_East RichBr_13_2009,RichBr_13_2009 Carq_East,25.74,
97,17,38,3/21/13 1:17 PM,Decker_IsSW,Decker_IsS,3/23/13 1:06 AM,AntiochS,SJ_Antioch,10.97,11:48,2149,0.31,7.35,Delta,,98,RichBr_E_Channel_2009,GG3,RichBr_E_Channel_2009 GG3,GG3 RichBr_E_Channel_2009,13.6,
98,17,38,3/23/13 4:40 AM,AntiochS,SJ_Antioch,3/24/13 2:51 AM,Decker_IsSW,Decker_IsS,10.97,22:10,1331,0.49,11.87,Delta,,99,GG4,BayBr10,GG4 BayBr10,BayBr10 GG4,13.38,
99,17,38,3/29/13 4:48 PM,Decker_IsSW,Decker_IsS,3/29/13 6:59 PM,Decker_IsN,Decker_IsNorth,4.26,2:10,131,1.95,46.87,Delta,,100,BayBr18,GG8,BayBr18 GG8,GG8 BayBr18,14.16,
100,17,38,3/29/13 7:21 PM,Decker_IsN,Decker_IsNorth,3/29/13 10:43 PM,Decker_IsSW,Decker_IsS,4.26,3:22,202,1.26,30.35,Delta,,101,GG7.2,BayBr16B,GG7.2 BayBr16B,BayBr16B GG7.2,12.89,
101,17,38,3/29/13 11:18 PM,Decker_IsSW,Decker_IsS,3/30/13 2:40 AM,Decker_IsN,Decker_IsNorth,4.26,3:22,202,1.26,30.34,Delta,,102,BayBr11,GG9,BayBr11 GG9,GG9 BayBr11,13.99,
102,17,38,3/30/13 3:10 AM,Decker_IsN,Decker_IsNorth,3/31/13 12:00 AM,Decker_IsSW,Decker_IsS,4.26,20:49,1250,0.20,4.91,Delta,,103,GG8,BayBr16A,GG8 BayBr16A,BayBr16A GG8,13.86,
103,17,38,3/31/13 3:02 AM,Decker_IsSW,Decker_IsS,3/31/13 4:07 AM,Decker_IsN,Decker_IsNorth,4.26,1:04,65,3.96,94.98,Delta,,104,BayBr16A,GG9,BayBr16A GG9,GG9 BayBr16A,14.47,
104,17,38,3/31/13 4:19 AM,Decker_IsN,Decker_IsNorth,3/31/13 6:54 AM,RioVistaBr03,SR_RioVista,6.95,2:34,155,2.70,64.75,Delta,,105,GG9,BayBr11,GG9 BayBr11,BayBr11 GG9,14.19,
105,17,38,4/1/13 11:21 AM,RioVistaBr02,SR_RioVista,4/2/13 2:29 AM,Decker_IsN,Decker_IsNorth,7.01,15:07,908,0.46,11.12,Delta,,106,BayBr08.5,Berkeley_Marina,BayBr08.5 Berkeley_Marina,Berkeley_Marina BayBr08.5,6.61,
106,17,38,4/2/13 4:33 AM,Decker_IsN,Decker_IsNorth,6/7/13 9:53 PM,Decker_IsSW,Decker_IsS,4.26,17:20,96081,0.00,0.06,Delta,,107,Berkeley_Marina,RichBr_15_2009,Berkeley_Marina RichBr_15_2009,RichBr_15_2009 Berkeley_Marina,15.01,
107,17,38,6/12/13 2:35 PM,Decker_IsCL3,Decker_IsS,6/16/13 2:06 PM,BenBr06,BeniciaBridge,33.57,23:31,5731,0.35,8.43,Delta,,108,RichBr_16_2009,CarBr01,RichBr_16_2009 CarBr01,CarBr01 RichBr_16_2009,25.69,
108,17,38,6/16/13 2:53 PM,BenBr05,BeniciaBridge,6/17/13 1:07 PM,CarBr02,Carquinez Bridge,10.06,22:14,1335,0.45,10.85,Delta,,109,FranksTractE,Quimby_E_Point,FranksTractE Quimby_E_Point,Quimby_E_Point FranksTractE,5.7,
109,17,38,6/17/13 7:58 PM,CarBr03,Carquinez Bridge,6/23/13 2:23 PM,SP_Petaluma_G3,SP_Petaluma_Channel,18.06,18:24,8304,0.13,3.13,Migrate,,110,Quimby_E_Point,MidR,Quimby_E_Point MidR,MidR Quimby_E_Point,12.23,
110,17,38,6/23/13 2:23 PM,SP_Petaluma_G3,SP_Petaluma_Channel,6/28/13 8:22 PM,RichBr_3_2009,RichmondBridge,14.37,5:59,7559,0.11,2.74,Migrate,,111,MidR,SJ_PrisonersPointN,MidR SJ_PrisonersPointN,SJ_PrisonersPointN MidR,15.27,
111,17,38,6/28/13 8:41 PM,RichBr_1_2009,RichmondBridge,6/29/13 1:40 PM,GG5.1,GoldenGate,16.48,16:59,1020,0.97,23.28,Migrate,,112,AntiochBridge20,BenBr02,AntiochBridge20 BenBr02,BenBr02 AntiochBridge20,35.59,
112,17,38,6/29/13 1:49 PM,GG5.1,GoldenGate,6/30/13 5:18 AM,BayBr10,BayBridge,16.63,15:29,930,1.07,25.76,Migrate,,113,BenBr02,CarBr03,BenBr02 CarBr03,CarBr03 BenBr02,9.95,
113,17,38,6/30/13 6:53 AM,BayBr10,BayBridge,7/2/13 6:02 PM,RichBr_26_2009,RichmondBridge,17.83,11:08,3549,0.30,7.23,Migrate,,114,CarBr03,RichBr_16_2009,CarBr03 RichBr_16_2009,RichBr_16_2009 CarBr03,26.33,
114,18,36,5/16/13 11:48 PM,Santa_Clara_Shoals2_south,SJ_Santa_Clara_Shoals,5/17/13 4:03 AM,SJ_BlwFalse2,SJ_Blw_False,7.12,4:14,255,1.68,40.25,Delta,,115,RichBr_16_2009,GG5.1,RichBr_16_2009 GG5.1,GG5.1 RichBr_16_2009,15.26,
115,18,36,5/17/13 10:30 AM,SJ_BlwFalse_SE,SJ_Blw_False,5/17/13 1:07 PM,AntiochBridge20,Antioch_Br,5.79,2:37,158,2.20,52.89,Delta,,116,GG8,RichBr_25_2009,GG8 RichBr_25_2009,RichBr_25_2009 GG8,14.85,
116,18,36,5/17/13 1:21 PM,AntiochBridge15,Antioch_Br,5/20/13 1:06 PM,BenBr05,BeniciaBridge,36.44,23:44,4305,0.51,12.19,Delta,,117,RichBr_26_2009,CarBr01,RichBr_26_2009 CarBr01,CarBr01 RichBr_26_2009,26.67,
117,18,36,5/21/13 4:24 AM,BenBr02,BeniciaBridge,5/21/13 3:51 PM,Carq_West,Carquinez Bridge,9.52,11:26,686,0.83,19.97,Delta,,118,RichBr_16_2009,GG6,RichBr_16_2009 GG6,GG6 RichBr_16_2009,12.29,
118,18,36,5/29/13 7:07 AM,CarBr04,Carquinez Bridge,5/30/13 9:24 AM,RichBr_13_2009,RichmondBridge,25.74,2:16,1577,0.98,23.51,Migrate,,119,GG6,BayBr10,GG6 BayBr10,BayBr10 GG6,9.61,
119,18,36,5/30/13 8:35 PM,RichBr_9_2009,RichmondBridge,5/31/13 10:45 AM,GG9,GoldenGate,15.00,14:09,850,1.06,25.42,Migrate,,120,BayBr10,GG1,BayBr10 GG1,GG1 BayBr10,10.21,
120,25,53,2/28/13 9:03 PM,Santa_Clara_Shoals1_N,SJ_Santa_Clara_Shoals,3/1/13 4:28 AM,FranksTractW,FranksTractW,7.30,7:25,446,0.98,23.59,Delta,,121,FranksTractW,SJ_PrisonersPointN,FranksTractW SJ_PrisonersPointN,SJ_PrisonersPointN FranksTractW,skipped a station,
121,25,53,3/1/13 11:12 PM,FranksTractW,FranksTractW,3/3/13 6:45 AM,Santa_Clara_Shoals2_south,SJ_Santa_Clara_Shoals,6.75,7:33,1894,0.21,5.13,Delta,,122,SJ_MedfordChannel,SJ_DWC_N,SJ_MedfordChannel SJ_DWC_N,SJ_DWC_N SJ_MedfordChannel,11.01,
122,25,53,3/5/13 2:28 AM,Santa_Clara_Shoals2_south,SJ_Santa_Clara_Shoals,3/7/13 12:27 AM,SJ_PrisonersPointN,SJ_PrisonersPt,11.68,21:59,2759,0.25,6.10,Delta,,123,SJ_DWC_S,SJ_MedfordChannel,SJ_DWC_S SJ_MedfordChannel,SJ_MedfordChannel SJ_DWC_S,10.98,
123,25,53,3/11/13 6:37 AM,SJ_PrisonersPointN,SJ_PrisonersPt,3/11/13 3:14 PM,Santa_Clara_Shoals2_south,SJ_Santa_Clara_Shoals,11.68,8:37,517,1.35,32.50,Delta,,124,SJ_MedfordChannel,Quimby_E_Point,SJ_MedfordChannel Quimby_E_Point,Quimby_E_Point SJ_MedfordChannel,3.79,
124,25,53,3/11/13 6:01 PM,Santa_Clara_Shoals1_N,SJ_Santa_Clara_Shoals,3/12/13 3:34 AM,FranksTractW,FranksTractW,7.30,9:32,573,0.76,18.35,Delta,,125,MidR,SJ_MedfordChannel,MidR SJ_MedfordChannel,SJ_MedfordChannel MidR,14.01,
125,25,53,3/12/13 7:37 AM,FranksTractW,FranksTractW,3/12/13 9:11 PM,AntiochS,SJ_Antioch,skipped a station,13:34,814,#VALUE!,#VALUE!,,,126,SJ_PrisonersPointN,Quimby_E_Point,SJ_PrisonersPointN Quimby_E_Point,Quimby_E_Point SJ_PrisonersPointN,13.81,
126,25,53,3/13/13 1:29 AM,AntiochS,SJ_Antioch,3/13/13 6:53 PM,Santa_Clara_Shoals1_N,SJ_Santa_Clara_Shoals,skipped a station,17:23,1044,#VALUE!,#VALUE!,,,127,SJ_BlwFalse2,AntiochBridge19,SJ_BlwFalse2 AntiochBridge19,AntiochBridge19 SJ_BlwFalse2,5.78,
127,25,53,3/16/13 11:11 AM,Santa_Clara_Shoals2_south,SJ_Santa_Clara_Shoals,3/16/13 12:59 PM,ThreeMile_SJbrnW,ThreeMileSouth,4.52,1:47,107,2.52,60.55,Delta,,128,AntiochBridge13,SJ_BlwFalse_SE,AntiochBridge13 SJ_BlwFalse_SE,SJ_BlwFalse_SE AntiochBridge13,6.03,
128,25,53,3/16/13 6:04 PM,ThreeMile_SJbrnW,ThreeMileSouth,3/17/13 4:14 AM,Santa_Clara_Shoals2_south,SJ_Santa_Clara_Shoals,4.52,10:09,610,0.44,10.68,Delta,,129,AntiochBridge15,SJ_BlwFalse_SE,AntiochBridge15 SJ_BlwFalse_SE,SJ_BlwFalse_SE AntiochBridge15,5.96,
129,25,53,3/18/13 11:18 AM,Santa_Clara_Shoals2_south,SJ_Santa_Clara_Shoals,3/18/13 1:29 PM,ThreeMile_SJbrnW,ThreeMileSouth,4.52,2:11,131,2.07,49.60,Delta,,130,FranksTractW,SJ_BlwFalse4,FranksTractW SJ_BlwFalse4,SJ_BlwFalse4 FranksTractW,2.53,
130,25,53,3/18/13 3:26 PM,ThreeMile_SacBrnSE,ThreeMileNorth,3/19/13 3:50 AM,Decker_IsSW,Decker_IsS,7.95,12:23,744,0.64,15.40,Delta,,131,AntiochBridge20,Decker_IsSW,AntiochBridge20 Decker_IsSW,Decker_IsSW AntiochBridge20,10.55,
131,25,53,3/19/13 10:11 AM,Decker_IsSW,Decker_IsS,3/23/13 4:26 PM,BenBr02,BeniciaBridge,34.09,6:14,6135,0.33,8.00,Delta,,132,CarBr01,RichBr_24_2009,CarBr01 RichBr_24_2009,RichBr_24_2009 CarBr01,25.89,
132,25,53,4/1/13 9:58 AM,BenBr03,BeniciaBridge,4/1/13 12:33 PM,CarBr04,Carquinez Bridge,9.50,2:35,155,3.68,88.25,Delta,,133,RichBr_15_2009,CarBr03,RichBr_15_2009 CarBr03,CarBr03 RichBr_15_2009,25.67,
133,25,53,4/1/13 4:06 PM,CarBr03,Carquinez Bridge,4/1/13 6:32 PM,BenBr04,BeniciaBridge,9.60,2:26,146,3.93,94.37,Delta,,134,AntiochS,BenBr04,AntiochS BenBr04,BenBr04 AntiochS,27.86,
134,25,53,4/2/13 9:47 AM,BenBrCenter,BeniciaBridge,4/2/13 12:10 PM,CarBr04,Carquinez Bridge,9.68,2:23,143,4.05,97.14,Delta,,135,BenBrCenter,Martinez_Marina,BenBrCenter Martinez_Marina,Martinez_Marina BenBrCenter,1.92,
135,25,53,4/3/13 5:05 PM,CarBr02,Carquinez Bridge,4/3/13 8:18 PM,BenBr03,BeniciaBridge,9.57,3:12,193,2.98,71.50,Delta,,136,Martinez_Marina,BenBr02,Martinez_Marina BenBr02,BenBr02 Martinez_Marina,2.01,
136,25,53,4/4/13 10:18 AM,BenBr01,BeniciaBridge,4/4/13 2:32 PM,CarBr04,Carquinez Bridge,9.50,4:14,255,2.24,53.70,Delta,,137,BenBr04,CarBr05,BenBr04 CarBr05,CarBr05 BenBr04,9.84,
137,25,53,4/4/13 7:28 PM,CarBr05,Carquinez Bridge,4/4/13 10:30 PM,BenBr03,BeniciaBridge,9.57,3:02,182,3.15,75.68,Delta,,138,BenBrCenter,CarBr05,BenBrCenter CarBr05,CarBr05 BenBrCenter,9.59,
138,25,53,4/5/13 12:31 PM,BenBrCenter,BeniciaBridge,4/5/13 3:34 PM,CarBr03,Carquinez Bridge,9.61,3:03,183,3.14,75.45,Delta,,139,CarBr05,BenBr01,CarBr05 BenBr01,BenBr01 CarBr05,9.79,
139,25,53,4/5/13 8:13 PM,CarBr04,Carquinez Bridge,4/5/13 10:48 PM,BenBr03,BeniciaBridge,9.50,2:35,155,3.67,88.17,Delta,,140,CarBr03,Martinez_Marina,CarBr03 Martinez_Marina,Martinez_Marina CarBr03,8.64,
140,25,53,4/6/13 2:30 AM,BenBr02,BeniciaBridge,4/6/13 5:25 AM,CarBr04,Carquinez Bridge,9.51,2:54,175,3.26,78.28,Delta,,141,Martinez_Marina,BenBr04,Martinez_Marina BenBr04,BenBr04 Martinez_Marina,1.96,
141,25,53,4/6/13 12:06 PM,Carq_East,Carquinez Bridge,4/7/13 3:34 AM,RichBr_13_2009,RichmondBridge,25.74,15:28,928,1.66,39.94,Migrate,,142,CarBr05,Martinez_Marina,CarBr05 Martinez_Marina,Martinez_Marina CarBr05,8.67,
142,25,53,4/7/13 2:02 PM,RichBr_E_Channel_2009,RichmondBridge,4/8/13 3:16 AM,GG3,GoldenGate,13.60,13:14,794,1.03,24.65,Migrate,,143,Decker_IsCL3,BenBr03,Decker_IsCL3 BenBr03,BenBr03 Decker_IsCL3,34.02,
143,25,53,4/12/13 6:40 PM,GG4,GoldenGate,5/30/13 1:32 AM,BayBr10,BayBridge,13.38,6:51,68091,0.01,0.28,Migrate,,144,BenBr04,Carq_West,BenBr04 Carq_West,Carq_West BenBr04,9.78,
144,25,53,5/31/13 7:59 AM,BayBr18,BayBridge,5/31/13 9:49 AM,GG8,GoldenGate,14.16,1:49,110,7.73,185.59,Migrate,,145,CarBr01,BenBrCenter,CarBr01 BenBrCenter,BenBrCenter CarBr01,9.88,
145,25,53,5/31/13 1:43 PM,GG7.2,GoldenGate,6/1/13 2:19 AM,BayBr16B,BayBridge,12.89,12:36,756,1.02,24.55,Migrate,,146,AntiochBridge13,CarBr02,AntiochBridge13 CarBr02,CarBr02 AntiochBridge13,skipped a station,
146,25,53,6/1/13 9:17 AM,BayBr11,BayBridge,6/1/13 12:23 PM,GG9,GoldenGate,14.19,3:06,186,4.57,109.73,Migrate,,147,CarBr02,BenBr01,CarBr02 BenBr01,BenBr01 CarBr02,9.45,
147,25,53,6/1/13 3:42 PM,GG8,GoldenGate,6/1/13 5:46 PM,BayBr16A,BayBridge,13.86,2:03,124,6.71,161.00,Migrate,,148,BenBr02,RichBr_19_2009,BenBr02 RichBr_19_2009,RichBr_19_2009 BenBr02,skipped a station,35.82
148,25,53,6/1/13 7:53 PM,BayBr16A,BayBridge,6/1/13 9:57 PM,GG9,GoldenGate,14.47,2:04,124,7.00,167.97,Migrate,,149,RichBr_22_2009,GG1,RichBr_22_2009 GG1,GG1 RichBr_22_2009,14.16,
149,25,53,6/26/13 12:13 PM,GG9,GoldenGate,6/26/13 11:12 PM,BayBr11,BayBridge,13.99,10:59,659,1.27,30.55,Migrate,,150,GG1,BenBr01,GG1 BenBr01,BenBr01 GG1,skipped a station,
150,25,53,6/27/13 7:53 PM,BayBr08.5,BayBridge,6/28/13 6:22 PM,Berkeley_Marina,Berkeley_Marina,6.61,22:28,1349,0.29,7.06,Migrate,,151,CarBr02,BenBrCenter,CarBr02 BenBrCenter,BenBrCenter CarBr02,9.98,
151,25,53,6/28/13 6:22 PM,Berkeley_Marina,Berkeley_Marina,7/2/13 7:00 AM,RichBr_15_2009,RichmondBridge,15.01,12:38,5078,0.18,4.26,Migrate,,152,BenBr05,Carq_East,BenBr05 Carq_East,Carq_East BenBr05,10.04,
152,25,53,7/16/13 10:21 AM,RichBr_16_2009,RichmondBridge,9/27/13 5:05 PM,CarBr01,Carquinez Bridge,25.69,6:44,105525,0.01,0.35,Delta,,153,Decker_IsSW,RioVistaBr02,Decker_IsSW RioVistaBr02,RioVistaBr02 Decker_IsSW,12.92,
153,27,40,3/2/13 3:50 AM,Santa_Clara_Shoals2_south,SJ_Santa_Clara_Shoals,3/2/13 7:41 PM,FranksTractE,FranksTractE,10.63,15:50,950,0.67,16.10,Delta,,154,AntiochS,BenBr03,AntiochS BenBr03,BenBr03 AntiochS,28.03,
154,27,40,3/2/13 7:48 PM,FranksTractE,FranksTractE,3/3/13 7:23 PM,Quimby_E_Point,Quimby,5.70,23:35,1415,0.24,5.80,Delta,,155,CarBr05,BenBr02,CarBr05 BenBr02,BenBr02 CarBr05,9.75,
155,27,40,3/3/13 7:59 PM,Quimby_E_Point,Quimby,3/6/13 2:01 AM,MidR,MiddleRv,12.23,6:01,3241,0.23,5.43,Delta,,156,BenBrCenter,RichBr_16_2009,BenBrCenter RichBr_16_2009,RichBr_16_2009 BenBrCenter,skipped a station,
156,27,40,3/6/13 5:15 AM,MidR,MiddleRv,4/12/13 5:59 PM,SJ_PrisonersPointN,SJ_PrisonersPt,15.27,12:44,54045,0.02,0.41,Delta,,157,RichBr_29_2009,SP_Petaluma_G3,RichBr_29_2009 SP_Petaluma_G3,SP_Petaluma_G3 RichBr_29_2009,14.35,
157,27,40,6/5/13 12:11 PM,SJ_PrisonersPointN,SJ_PrisonersPt,6/16/13 8:12 PM,SJ_MedfordChannel,SJ_MedfordChannel,5.21,8:01,16321,0.02,0.46,Delta,,158,CarBr04,SP_Petaluma_RR_Bridge,CarBr04 SP_Petaluma_RR_Bridge,SP_Petaluma_RR_Bridge CarBr04,25.57,
158,27,40,6/17/13 7:27 PM,SJ_MedfordChannel,SJ_MedfordChannel,6/18/13 2:42 AM,SJ_PrisonersPointN,SJ_PrisonersPt,5.21,7:15,436,0.72,17.21,Delta,,159,SP_Petaluma_RR_Bridge,SP_Petaluma_G3,SP_Petaluma_RR_Bridge SP_Petaluma_G3,SP_Petaluma_G3 SP_Petaluma_RR_Bridge,9.1,
159,27,40,6/18/13 3:12 AM,SJ_PrisonersPointN,SJ_PrisonersPt,6/18/13 7:27 PM,Santa_Clara_Shoals2_south,SJ_Santa_Clara_Shoals,11.68,16:14,974,0.72,17.27,Delta,,160,SP_Petaluma_G3,RichBr_29_2009,SP_Petaluma_G3 RichBr_29_2009,RichBr_29_2009 SP_Petaluma_G3,13.89,
160,27,40,6/19/13 3:21 PM,Santa_Clara_Shoals2_south,SJ_Santa_Clara_Shoals,6/19/13 6:40 PM,SJ_BlwFalse2,SJ_Blw_False,7.12,3:18,198,2.15,51.71,Delta,,161,RichBr_10_2009,SP_Petaluma_G3,RichBr_10_2009 SP_Petaluma_G3,SP_Petaluma_G3 RichBr_10_2009,13.69,
161,27,40,6/19/13 8:46 PM,SJ_BlwFalse_SE,SJ_Blw_False,6/20/13 3:39 AM,AntiochBridge20,Antioch_Br,5.79,6:53,413,0.84,20.18,Delta,,162,SP_Petaluma_G5,RichBr_16_2009,SP_Petaluma_G5 RichBr_16_2009,RichBr_16_2009 SP_Petaluma_G5,15.24,
162,27,40,6/20/13 3:44 AM,AntiochBridge20,Antioch_Br,6/24/13 1:32 AM,BenBr02,BeniciaBridge,35.59,21:48,5629,0.38,9.11,Delta,,163,,,,,,
163,27,40,6/24/13 3:59 AM,BenBr02,BeniciaBridge,6/24/13 6:56 AM,CarBr03,Carquinez Bridge,9.54,2:56,177,3.24,77.66,Delta,,164,,, , ,,
164,27,40,6/24/13 6:58 AM,CarBr03,Carquinez Bridge,6/25/13 5:20 AM,RichBr_16_2009,RichmondBridge,26.33,22:21,1341,1.18,28.27,Migrate,,165,,, , ,,
165,27,40,6/28/13 9:56 PM,RichBr_16_2009,RichmondBridge,6/29/13 9:27 PM,GG5.1,GoldenGate,15.26,23:31,1411,0.65,15.57,Migrate,,166,,, , ,,
166,27,40,6/30/13 3:15 AM,GG8,GoldenGate,7/1/13 2:30 PM,RichBr_25_2009,RichmondBridge,14.85,11:15,2115,0.42,10.11,Migrate,,167,,, , ,,
167,27,40,7/1/13 2:42 PM,RichBr_26_2009,RichmondBridge,7/3/13 8:09 PM,CarBr01,Carquinez Bridge,26.67,5:27,3207,0.50,11.97,Migrate,,168,,, , ,,
168,27,40,7/3/13 8:09 PM,CarBr01,Carquinez Bridge,7/5/13 3:03 AM,RichBr_3_2009,RichmondBridge,26.03,6:53,1854,0.84,20.22,Migrate,,169,,, , ,,
169,27,40,7/7/13 1:13 AM,RichBr_16_2009,RichmondBridge,7/7/13 5:59 AM,GG6,GoldenGate,12.29,4:45,286,2.58,61.93,Migrate,,170,,, , ,,
170,27,40,7/9/13 4:38 PM,GG6,GoldenGate,9/6/13 8:25 AM,BayBr10,BayBridge,9.61,15:47,84468,0.01,0.16,Migrate,,171,,, , ,,
171,27,40,9/8/13 3:58 AM,BayBr10,BayBridge,9/9/13 1:36 AM,GG1,GoldenGate,10.21,21:38,1298,0.47,11.33,Migrate,,172,,, , ,,
172,28,44,2/28/13 9:49 PM,Santa_Clara_Shoals1_N,SJ_Santa_Clara_Shoals,3/4/13 10:33 PM,FranksTractW,FranksTractW,7.30,0:43,5804,0.08,1.81,Delta,,,,, , ,,
173,28,44,6/3/13 7:27 AM,FranksTractW,FranksTractW,6/3/13 8:36 AM,SJ_BlwFalse2,SJ_Blw_False,2.56,1:09,69,2.21,53.08,Delta,,,Maybe after the Rich Bridge can be considered migration.. ,, , ,,
174,28,44,6/3/13 9:16 AM,SJ_BlwFalse2,SJ_Blw_False,6/3/13 10:23 AM,FranksTractW,FranksTractW,2.56,1:07,67,2.29,54.94,Delta,,,Migration,"Rich Bridge,  SF Bay,Golen Gate",,,,
175,28,44,6/3/13 10:39 AM,FranksTractW,FranksTractW,6/5/13 2:17 PM,SJ_PrisonersPointN,SJ_PrisonersPt,skipped a station,3:37,3098,#VALUE!,#VALUE!,Delta,,,Delta,"Central,North,East?",,,,
176,28,44,6/6/13 11:43 AM,SJ_PrisonersPointN,SJ_PrisonersPt,6/6/13 1:30 PM,SJ_MedfordChannel,SJ_MedfordChannel,5.21,1:47,107,2.91,69.84,Delta,,,Fish Number,Fish Length,Depth,,,
177,28,44,6/6/13 10:07 PM,SJ_MedfordChannel,SJ_MedfordChannel,6/8/13 3:29 AM,SJ_DWC_N,SJ_Blackslough,11.01,5:21,1762,0.37,9.00,Delta,,Worked on,4,41,NULL,,,
178,28,44,6/8/13 6:15 AM,SJ_DWC_S,SJ_Blackslough,6/8/13 12:27 PM,SJ_MedfordChannel,SJ_MedfordChannel,10.98,6:11,371,1.77,42.59,Delta,,Worked on,7,41,NULL,,,
179,28,44,6/8/13 2:07 PM,SJ_MedfordChannel,SJ_MedfordChannel,6/8/13 7:48 PM,SJ_DWC_N,SJ_Blackslough,11.01,5:41,342,1.93,46.41,Delta,,Worked on,12,46,NULL,,,
180,28,44,6/9/13 9:33 AM,SJ_DWC_N,SJ_Blackslough,6/10/13 12:22 PM,SJ_MedfordChannel,SJ_MedfordChannel,11.01,2:48,1609,0.41,9.85,Delta,,Worked on,14,45,NULL,,,
181,28,44,6/11/13 12:58 AM,SJ_MedfordChannel,SJ_MedfordChannel,6/12/13 1:49 PM,Quimby_E_Point,Quimby,3.79,12:50,2211,0.10,2.47,Delta,,Worked on,17,38,NULL,,,
182,28,44,6/12/13 4:46 PM,Quimby_E_Point,Quimby,6/13/13 7:03 AM,MidR,MiddleRv,12.23,14:16,857,0.86,20.56,Delta,,Worked on,18,36,NULL,,,
183,28,44,6/13/13 11:01 AM,MidR,MiddleRv,6/15/13 3:27 PM,SJ_MedfordChannel,SJ_MedfordChannel,14.01,4:26,3147,0.27,6.41,Delta,,Worked on,25,53,NULL,,,
184,28,44,6/16/13 2:08 PM,SJ_MedfordChannel,SJ_MedfordChannel,6/16/13 4:25 PM,SJ_PrisonersPointN,SJ_PrisonersPt,5.21,2:16,137,2.29,54.91,Delta,,Worked on,27,40,NULL,,,
185,28,44,6/16/13 6:09 PM,SJ_PrisonersPointN,SJ_PrisonersPt,6/17/13 3:00 AM,Quimby_E_Point,Quimby,13.81,8:50,531,1.56,37.47,Delta,,Worked on,28,44,NULL,,,
186,28,44,6/17/13 3:36 AM,Quimby_E_Point,Quimby,6/17/13 9:11 AM,SJ_PrisonersPointN,SJ_PrisonersPt,13.81,5:34,334,2.48,59.46,Delta,,Worked on,29,46,NULL,,,
187,28,44,6/20/13 3:30 AM,SJ_PrisonersPointN,SJ_PrisonersPt,6/20/13 8:20 AM,Santa_Clara_Shoals2_south,SJ_Santa_Clara_Shoals,11.68,4:50,291,2.41,57.87,Delta,,Worked on,31,30,NULL,,,
188,28,44,6/22/13 5:26 AM,Santa_Clara_Shoals2_south,SJ_Santa_Clara_Shoals,6/22/13 8:01 AM,SJ_BlwFalse2,SJ_Blw_False,7.12,2:35,155,2.75,66.10,Delta,,Worked on,32,40,NULL,,,
189,28,44,6/22/13 8:11 AM,SJ_BlwFalse2,SJ_Blw_False,6/22/13 10:08 AM,AntiochBridge19,Antioch_Br,5.78,1:57,117,2.95,70.84,Delta,,,1,38,NULL,,,
190,28,44,6/22/13 12:44 PM,AntiochBridge13,Antioch_Br,6/22/13 2:49 PM,SJ_BlwFalse_SE,SJ_Blw_False,6.03,2:04,125,2.90,69.58,Delta,,,2,38,NULL,,,
191,28,44,6/22/13 3:03 PM,SJ_BlwFalse2,SJ_Blw_False,6/22/13 3:47 PM,FranksTractW,FranksTractW,2.56,0:43,44,3.50,83.94,Delta,,,3,42,NULL,,,
192,28,44,6/22/13 7:12 PM,FranksTractW,FranksTractW,6/22/13 8:04 PM,SJ_BlwFalse2,SJ_Blw_False,2.56,0:52,52,2.95,70.82,Delta,,,6,34,NULL,,,
193,28,44,6/22/13 11:47 PM,SJ_BlwFalse2,SJ_Blw_False,6/23/13 1:27 AM,FranksTractW,FranksTractW,2.56,1:40,101,1.53,36.67,Delta,,,8,43,NULL,,,
194,28,44,6/23/13 4:56 AM,FranksTractW,FranksTractW,6/23/13 5:42 AM,SJ_BlwFalse2,SJ_Blw_False,2.56,0:46,46,3.33,80.02,Delta,,,9,40,NULL,,,
195,28,44,6/23/13 6:01 AM,SJ_BlwFalse2,SJ_Blw_False,6/23/13 7:33 AM,AntiochBridge19,Antioch_Br,5.78,1:32,93,3.75,89.95,Delta,,,10,37,NULL,,,
196,28,44,6/24/13 1:42 AM,AntiochBridge15,Antioch_Br,6/24/13 3:33 AM,SJ_BlwFalse_SE,SJ_Blw_False,5.96,1:51,111,3.22,77.32,Delta,,,11,43,NULL,,,
197,28,44,6/24/13 4:17 AM,SJ_BlwFalse2,SJ_Blw_False,6/24/13 4:38 AM,FranksTractW,FranksTractW,2.56,0:20,21,7.44,178.52,Delta,,,13,40,NULL,,,
198,28,44,6/24/13 4:50 AM,FranksTractW,FranksTractW,6/24/13 4:50 AM,SJ_BlwFalse2,SJ_Blw_False,2.56,0:00,0,4608.00,110592.01,Delta,,,15,39,NULL,,,
199,28,44,6/24/13 4:50 AM,SJ_BlwFalse2,SJ_Blw_False,6/24/13 4:53 AM,FranksTractW,FranksTractW,2.56,0:02,2,65.83,1579.89,Delta,,,16,46,NULL,,,
200,28,44,6/24/13 5:05 AM,FranksTractW,FranksTractW,6/24/13 6:05 AM,SJ_BlwFalse2,SJ_Blw_False,2.56,1:00,60,2.56,61.32,Delta,,,19,44,NULL,,,
201,28,44,6/24/13 6:09 AM,SJ_BlwFalse2,SJ_Blw_False,6/24/13 7:48 AM,AntiochBridge09,Antioch_Br,6.12,1:39,99,3.70,88.91,Delta,,,20,46,NULL,,,
202,28,44,6/25/13 2:39 AM,AntiochBridge13,Antioch_Br,6/25/13 3:52 AM,SJ_BlwFalse_SE,SJ_Blw_False,6.03,1:13,73,4.93,118.33,Delta,,,21,38,NULL,,,
203,28,44,6/25/13 4:59 AM,SJ_BlwFalse2,SJ_Blw_False,6/25/13 5:14 AM,FranksTractW,FranksTractW,2.56,0:15,15,10.16,243.86,Delta,,,22,46,NULL,,,
204,28,44,6/25/13 6:06 AM,FranksTractW,FranksTractW,6/25/13 6:45 AM,SJ_BlwFalse4,SJ_Blw_False,2.53,0:38,39,3.90,93.62,Delta,,,23,46,NULL,,,
205,28,44,6/25/13 7:24 AM,SJ_BlwFalse2,SJ_Blw_False,6/25/13 9:19 AM,AntiochBridge20,Antioch_Br,5.77,1:55,115,3.00,72.02,Delta,,,24,42,NULL,,,
206,28,44,7/1/13 1:06 AM,AntiochBridge20,Antioch_Br,7/2/13 10:31 PM,Decker_IsSW,Decker_IsS,10.55,21:25,2725,0.23,5.57,Delta,,,26,36,NULL,,,
207,28,44,7/6/13 5:38 AM,Decker_IsSW,Decker_IsS,7/14/13 10:16 AM,BenBr04,BeniciaBridge,33.76,4:38,11798,0.17,4.12,Delta,,,30,41,NULL,,,
208,28,44,7/18/13 2:39 AM,BenBr02,BeniciaBridge,7/18/13 5:35 AM,CarBr03,Carquinez Bridge,9.54,2:56,176,3.25,78.02,Delta,,,,,,,,
209,28,44,7/21/13 3:19 AM,CarBr01,Carquinez Bridge,7/23/13 4:38 AM,RichBr_24_2009,RichmondBridge,25.89,1:18,2958,0.53,12.60,Migrate,,,,,,,,
210,28,44,7/27/13 1:16 AM,RichBr_15_2009,RichmondBridge,8/1/13 9:07 AM,CarBr03,Carquinez Bridge,25.67,7:50,7671,0.20,4.82,Migrate,,,,,,,,
211,28,44,8/1/13 9:15 AM,Carq_West,Carquinez Bridge,8/2/13 12:30 PM,BenBr02,BeniciaBridge,9.52,3:15,1635,0.35,8.38,Delta,,,,,,,,
212,29,46,3/2/13 8:59 AM,Santa_Clara_Shoals1_N,SJ_Santa_Clara_Shoals,3/2/13 8:10 PM,FranksTractW,FranksTractW,7.30,11:11,671,0.65,15.67,Delta,,,,,,,,
213,29,46,3/2/13 8:10 PM,FranksTractW,FranksTractW,3/3/13 12:37 PM,AntiochS,SJ_Antioch,skipped a station,16:27,987,#VALUE!,#VALUE!,,,,,,,,,
214,29,46,3/3/13 12:55 PM,AntiochS,SJ_Antioch,3/5/13 2:38 PM,BenBr04,BeniciaBridge,27.86,1:42,2982,0.56,13.45,Delta,,,,,,,,
215,29,46,3/5/13 2:54 PM,BenBrCenter,BeniciaBridge,3/5/13 6:39 PM,Martinez_Marina,Martinez_Marina,1.92,3:44,225,0.51,12.30,Delta,,,,,,,,
216,29,46,3/5/13 6:39 PM,Martinez_Marina,Martinez_Marina,3/5/13 7:08 PM,BenBr02,BeniciaBridge,2.01,0:28,28,4.25,102.04,Delta,,,,,,,,
217,29,46,3/6/13 2:56 PM,BenBr04,BeniciaBridge,3/6/13 5:34 PM,CarBr05,Carquinez Bridge,9.84,2:38,158,3.73,89.42,Delta,,,,,,,,
218,29,46,3/6/13 8:22 PM,CarBr03,Carquinez Bridge,3/6/13 11:37 PM,BenBr04,BeniciaBridge,9.60,3:15,195,2.95,70.78,Delta,,,,,,,,
219,29,46,3/7/13 1:46 AM,BenBrCenter,BeniciaBridge,3/7/13 2:25 PM,CarBr05,Carquinez Bridge,9.59,12:38,758,0.76,18.21,Delta,,,,,,,,
220,29,46,3/7/13 8:35 PM,CarBr05,Carquinez Bridge,3/7/13 11:14 PM,BenBr01,BeniciaBridge,9.79,2:38,159,3.70,88.88,Delta,,,,,,,,
221,29,46,3/11/13 4:29 AM,BenBrCenter,BeniciaBridge,3/11/13 7:21 AM,CarBr05,Carquinez Bridge,9.59,2:51,172,3.35,80.45,Delta,,,,,,,,
222,29,46,3/11/13 10:35 AM,CarBr03,Carquinez Bridge,3/11/13 12:37 PM,Martinez_Marina,Martinez_Marina,8.64,2:01,122,4.26,102.19,Delta,,,,,,,,
223,29,46,3/11/13 12:37 PM,Martinez_Marina,Martinez_Marina,3/11/13 12:53 PM,BenBr04,BeniciaBridge,1.96,0:16,16,7.31,175.49,Delta,,,,,,,,
224,29,46,3/12/13 6:17 AM,BenBrCenter,BeniciaBridge,3/12/13 8:54 AM,CarBr03,Carquinez Bridge,9.61,2:36,156,3.69,88.48,Delta,,,,,,,,
225,29,46,3/12/13 10:47 AM,CarBr03,Carquinez Bridge,3/12/13 1:27 PM,BenBr02,BeniciaBridge,9.54,2:39,160,3.58,85.99,Delta,,,,,,,,
226,29,46,3/18/13 9:56 AM,BenBrCenter,BeniciaBridge,3/18/13 12:13 PM,CarBr04,Carquinez Bridge,9.68,2:17,137,4.23,101.54,Delta,,,,,,,,
227,29,46,3/27/13 10:51 AM,CarBr05,Carquinez Bridge,3/27/13 1:55 PM,BenBr04,BeniciaBridge,9.84,3:04,184,3.20,76.90,Delta,,,,,,,,
228,29,46,3/28/13 6:29 PM,BenBr04,BeniciaBridge,3/28/13 9:36 PM,CarBr03,Carquinez Bridge,9.60,3:07,187,3.08,73.91,Delta,,,,,,,,
229,29,46,3/28/13 10:55 PM,CarBr05,Carquinez Bridge,3/29/13 1:29 AM,Martinez_Marina,Martinez_Marina,8.67,2:33,154,3.38,81.21,Delta,,,,,,,,
230,29,46,3/29/13 1:29 AM,Martinez_Marina,Martinez_Marina,3/29/13 1:49 AM,BenBr02,BeniciaBridge,2.01,0:20,20,5.99,143.64,Delta,,,,,,,,
231,29,46,3/29/13 1:58 AM,BenBr03,BeniciaBridge,4/3/13 9:33 AM,Decker_IsSW,Decker_IsS,33.68,7:34,7655,0.26,6.34,Delta,,,,,,,,
232,29,46,4/28/13 7:47 AM,Decker_IsCL3,Decker_IsS,5/4/13 5:37 AM,BenBr03,BeniciaBridge,34.02,21:50,8511,0.24,5.76,Delta,,,,,,,,
233,29,46,5/4/13 7:04 AM,BenBr04,BeniciaBridge,5/4/13 4:12 PM,Carq_West,Carquinez Bridge,9.78,9:07,548,1.07,25.70,Delta,,,,,,,,
234,29,46,5/4/13 6:26 PM,CarBr01,Carquinez Bridge,5/4/13 8:41 PM,BenBrCenter,BeniciaBridge,9.88,2:15,136,4.37,104.83,Delta,,,,,,,,
235,29,46,5/11/13 1:39 PM,BenBr02,BeniciaBridge,5/17/13 9:25 PM,Decker_IsSW,Decker_IsS,34.09,7:46,9107,0.22,5.39,Delta,,,,,,,,
236,31,30,2/28/13 9:46 PM,Santa_Clara_Shoals1_N,SJ_Santa_Clara_Shoals,2/28/13 11:40 PM,ThreeMile_SJbrnW,ThreeMileSouth,5.10,1:54,114,2.67,64.18,Delta,,,,,,,,
237,31,30,3/1/13 2:50 AM,ThreeMile_SJbrnW,ThreeMileSouth,3/1/13 4:44 AM,Santa_Clara_Shoals1_N,SJ_Santa_Clara_Shoals,5.10,1:54,115,2.67,63.97,Delta,,,,,,,,
238,31,30,3/2/13 3:48 AM,Santa_Clara_Shoals1_N,SJ_Santa_Clara_Shoals,3/5/13 9:59 PM,SJ_PrisonersPointN,SJ_PrisonersPt,11.82,18:11,5411,0.13,3.15,Delta,,,,,,,,
239,31,30,5/17/13 1:25 PM,SJ_PrisonersPointN,SJ_PrisonersPt,5/19/13 7:01 PM,FranksTractE,FranksTractE,2.92,5:35,3216,0.05,1.31,Delta,,,,,,,,
240,31,30,5/20/13 4:09 AM,FranksTractE,FranksTractE,5/20/13 11:07 PM,SJ_PrisonersPointN,SJ_PrisonersPt,2.92,18:58,1138,0.15,3.69,Delta,,,,,,,,
241,31,30,5/21/13 4:02 AM,SJ_PrisonersPointN,SJ_PrisonersPt,5/23/13 3:02 AM,FranksTractE,FranksTractE,2.92,23:00,2820,0.06,1.49,Delta,,,,,,,,
242,31,30,5/23/13 3:06 AM,FranksTractE,FranksTractE,5/23/13 2:34 PM,SJ_PrisonersPointN,SJ_PrisonersPt,2.92,11:27,688,0.25,6.12,Delta,,,,,,,,
243,31,30,5/23/13 6:54 PM,SJ_PrisonersPointN,SJ_PrisonersPt,6/1/13 4:45 PM,Santa_Clara_Shoals1_N,SJ_Santa_Clara_Shoals,11.82,21:50,12831,0.06,1.33,Delta,,,,,,,,
244,31,30,6/3/13 6:48 AM,Santa_Clara_Shoals2_south,SJ_Santa_Clara_Shoals,6/5/13 3:16 PM,FranksTractW,FranksTractW,6.75,8:28,3388,0.12,2.87,Delta,,,,,,,,
245,31,30,6/5/13 3:16 PM,FranksTractW,FranksTractW,6/9/13 11:10 AM,SJ_BlwFalse2,SJ_Blw_False,2.56,19:54,5514,0.03,0.67,Delta,,,,,,,,
246,31,30,6/12/13 6:36 AM,SJ_BlwFalse2,SJ_Blw_False,6/14/13 2:59 PM,AntiochBridge13,Antioch_Br,5.98,8:22,3383,0.11,2.55,Delta,,,,,,,,
247,31,30,6/17/13 3:44 AM,AntiochBridge13,Antioch_Br,6/22/13 7:39 PM,CarBr02,Carquinez Bridge,skipped a station,15:54,8155,#VALUE!,#VALUE!,Delta,,,,,,,,
248,31,30,6/22/13 8:35 PM,CarBr02,Carquinez Bridge,6/22/13 11:43 PM,BenBr01,BeniciaBridge,9.45,3:08,188,3.01,72.29,Delta,,,,,,,,
249,31,30,6/22/13 11:56 PM,BenBr02,BeniciaBridge,6/24/13 10:57 AM,RichBr_19_2009,RichmondBridge,skipped a station,11:00,2101,#VALUE!,#VALUE!,Migrate,,,,,,,,
250,31,30,6/30/13 9:14 PM,RichBr_22_2009,RichmondBridge,7/2/13 6:44 AM,GG1,GoldenGate,14.16,9:30,2010,0.42,10.14,Migrate,,,,,,,,
251,31,30,7/2/13 10:51 AM,GG1,GoldenGate,3/15/13 12:27 AM,BenBr01,BeniciaBridge,skipped a station,###############################################################################################################################################################################################################################################################,-157584,#VALUE!,#VALUE!,Migrate,,,,,,,,
252,31,30,3/18/13 9:56 AM,BenBrCenter,BeniciaBridge,3/18/13 12:13 PM,CarBr04,Carquinez Bridge,9.68,2:17,137,4.23,101.54,Delta,,,,,,,,
253,31,30,3/27/13 10:51 AM,CarBr05,Carquinez Bridge,3/27/13 1:55 PM,BenBr04,BeniciaBridge,9.84,3:04,184,3.20,76.90,Delta,,,,,,,,
254,31,30,3/28/13 6:29 PM,BenBr04,BeniciaBridge,3/28/13 9:36 PM,CarBr03,Carquinez Bridge,9.60,3:07,187,3.08,73.91,Delta,,,,,,,,
255,31,30,3/28/13 10:55 PM,CarBr05,Carquinez Bridge,3/29/13 1:29 AM,Martinez_Marina,Martinez_Marina,8.67,2:33,154,3.38,81.21,Delta,,,,,,,,
256,31,30,3/29/13 1:29 AM,Martinez_Marina,Martinez_Marina,3/29/13 1:49 AM,BenBr02,BeniciaBridge,2.01,0:20,20,5.99,143.64,Delta,,,,,,,,
257,31,30,3/29/13 1:58 AM,BenBr03,BeniciaBridge,4/3/13 9:33 AM,Decker_IsSW,Decker_IsS,33.68,7:34,7655,0.26,6.34,Delta,,,,,,,,
258,31,30,4/28/13 7:47 AM,Decker_IsCL3,Decker_IsS,5/4/13 5:37 AM,BenBr03,BeniciaBridge,34.02,21:50,8511,0.24,5.76,Delta,,,,,,,,
259,31,30,5/4/13 7:04 AM,BenBr04,BeniciaBridge,5/4/13 4:12 PM,Carq_West,Carquinez Bridge,9.78,9:07,548,1.07,25.70,Delta,,,,,,,,
260,31,30,5/4/13 6:26 PM,CarBr01,Carquinez Bridge,5/4/13 8:41 PM,BenBrCenter,BeniciaBridge,9.88,2:15,136,4.37,104.83,Delta,,,,,,,,
261,31,30,5/11/13 1:39 PM,BenBr02,BeniciaBridge,5/17/13 9:25 PM,Decker_IsSW,Decker_IsS,34.09,7:46,9107,0.22,5.39,Delta,,,,,,,,
262,31,30,7/18/13 12:14 PM,Decker_IsSW,Decker_IsS,7/21/13 2:54 AM,RioVistaBr02,SR_RioVista,12.92,14:40,3761,0.21,4.95,Delta,,,,,,,,
263,31,30,8/8/13 5:08 AM,RioVistaBr03,SR_RioVista,8/23/13 10:33 AM,Decker_IsSW,Decker_IsS,11.14,5:24,21925,0.03,0.73,Delta,,,,,,,,
264,31,30,9/20/13 8:57 AM,Decker_IsSW,Decker_IsS,9/21/13 7:16 PM,BenBrCenter,BeniciaBridge,34.02,10:19,2059,0.99,23.79,Delta,,,,,,,,
265,31,30,9/21/13 7:32 PM,BenBr04,BeniciaBridge,9/21/13 9:57 PM,CarBr03,Carquinez Bridge,9.60,2:25,145,3.97,95.20,Delta,,,,,,,,
266,31,30,9/22/13 12:45 AM,CarBr02,Carquinez Bridge,9/22/13 3:36 AM,BenBrCenter,BeniciaBridge,9.98,2:51,171,3.50,83.97,Delta,,,,,,,,
267,31,30,9/22/13 6:07 AM,BenBr05,BeniciaBridge,9/22/13 4:16 PM,Carq_East,Carquinez Bridge,10.04,10:08,608,0.99,23.77,Delta,,,,,,,,
268,32,40,3/2/13 1:28 PM,Santa_Clara_Shoals1_N,SJ_Santa_Clara_Shoals,3/5/13 12:46 PM,AntiochS,SJ_Antioch,skipped a station,23:17,4278,#VALUE!,#VALUE!,Delta,,,,,,,,
269,32,40,3/6/13 3:38 PM,AntiochS,SJ_Antioch,3/14/13 9:59 AM,BenBr03,BeniciaBridge,28.03,18:20,11180,0.15,3.61,Delta,,,,,,,,
270,32,40,3/15/13 6:26 PM,BenBr04,BeniciaBridge,3/15/13 10:23 PM,CarBr03,Carquinez Bridge,9.60,3:56,237,2.43,58.38,Delta,,,,,,,,
271,32,40,3/16/13 12:56 AM,CarBr05,Carquinez Bridge,3/16/13 4:27 AM,BenBr02,BeniciaBridge,9.75,3:31,212,2.76,66.35,Delta,,,,,,,,
272,32,40,3/16/13 5:42 AM,BenBrCenter,BeniciaBridge,3/18/13 3:39 PM,RichBr_16_2009,RichmondBridge,skipped a station,9:56,3477,#VALUE!,#VALUE!,,,,,,,,,
273,32,40,3/21/13 1:07 PM,RichBr_29_2009,RichmondBridge,3/22/13 9:26 AM,SP_Petaluma_G3,SP_Petaluma_Channel,13.89,20:19,1219,0.68,16.41,Migrate,,,,,,,,
274,32,40,3/22/13 9:40 AM,SP_Petaluma_G3,SP_Petaluma_Channel,3/23/13 9:45 AM,CarBr01,Carquinez Bridge,17.84,0:04,1444,0.74,17.79,Migrate,,,,,,,,
275,32,40,3/23/13 4:28 PM,CarBr04,Carquinez Bridge,3/29/13 1:53 AM,SP_Petaluma_RR_Bridge,SP_Petaluma,25.57,9:25,7765,0.20,4.74,Migrate,,,,,,,,
276,32,40,3/29/13 3:44 AM,SP_Petaluma_RR_Bridge,SP_Petaluma,3/30/13 3:13 PM,SP_Petaluma_G3,SP_Petaluma_Channel,9.10,11:29,2129,0.26,6.16,Migrate,,,,,,,,
277,32,40,3/30/13 3:39 PM,SP_Petaluma_G3,SP_Petaluma_Channel,5/9/13 1:05 AM,CarBr03,Carquinez Bridge,18.06,9:25,56725,0.02,0.46,Migrate,,,,,,,,
278,32,40,5/9/13 2:33 AM,CarBr03,Carquinez Bridge,5/17/13 10:19 AM,SP_Petaluma_G3,SP_Petaluma_Channel,18.06,7:45,11986,0.09,2.17,Migrate,,,,,,,,
279,32,40,5/17/13 10:49 AM,SP_Petaluma_G3,SP_Petaluma_Channel,5/19/13 3:17 PM,RichBr_29_2009,RichmondBridge,14.35,4:27,3147,0.27,6.57,Migrate,,,,,,,,
280,32,40,5/21/13 3:33 PM,RichBr_10_2009,RichmondBridge,5/30/13 2:24 PM,SP_Petaluma_G3,SP_Petaluma_Channel,13.69,22:51,12891,0.06,1.53,Migrate,,,,,,,,
281,32,40,6/2/13 6:28 AM,SP_Petaluma_G5,SP_Petaluma_Channel,6/13/13 10:09 AM,RichBr_16_2009,RichmondBridge,15.24,3:41,16061,0.06,1.37,Migrate,,,,,,,,
