year,author,journal,mass_g,se_mass_g,temperature_c,temperature_c_sd,swimspeed_cm_per_s,se_swimspeed_cm_per_s,swimspeed_bodylengths_per_second,se_swimSpeed_bodylengths_per_second,mr_mgo2_per_h,species,life_stage,author_notes,notes,author_fishid,indiv_or_mean,n,fork_length_cm,data_quality,age_dph,exogenous_or_endogenous,salinity_ppt,salinity_factor,latitude_degrees,longitude_degrees,river_of_origin,hatchery_or_wIld,digitized_figure
2013,Beauregard et al.,Can. J. Fish. Aquat. Sci,7.123682863,,20.2,0.5,0,NA,0,NA,0.570176431,Salmo salar,juvenile,constant thermal regime,"three thermal regimes: all three center at 20 degrees, one with a minor diurnal variation  (18.5 to 21.5) and one with major diurnal variation (17.5 to 22.5)",,individual,1,NA,1,,exogenous,NA,NA,47,-70,Ouelle River,wild,NA
2013,Beauregard et al.,Can. J. Fish. Aquat. Sci,8.919627969,,20.2,0.5,0,NA,0,NA,0.453929985,Salmo salar,juvenile,constant thermal regime,"three thermal regimes: all three center at 20 degrees, one with a minor diurnal variation  (18.5 to 21.5) and one with major diurnal variation (17.5 to 22.5)",,individual,1,NA,1,,exogenous,NA,NA,47,-70,Ouelle River,wild,NA
2013,Beauregard et al.,Can. J. Fish. Aquat. Sci,8.464485294,,20.2,0.5,0,NA,0,NA,0.683749232,Salmo salar,juvenile,constant thermal regime,"three thermal regimes: all three center at 20 degrees, one with a minor diurnal variation  (18.5 to 21.5) and one with major diurnal variation (17.5 to 22.5)",,individual,1,NA,1,,exogenous,NA,NA,47,-70,Ouelle River,wild,NA
2013,Beauregard et al.,Can. J. Fish. Aquat. Sci,8.953876413,,20.2,0.5,0,NA,0,NA,0.666685918,Salmo salar,juvenile,constant thermal regime,"three thermal regimes: all three center at 20 degrees, one with a minor diurnal variation  (18.5 to 21.5) and one with major diurnal variation (17.5 to 22.5)",,individual,1,NA,1,,exogenous,NA,NA,47,-70,Ouelle River,wild,NA
2013,Beauregard et al.,Can. J. Fish. Aquat. Sci,9.803944232,,20.2,0.5,0,NA,0,NA,0.68394699,Salmo salar,juvenile,constant thermal regime,"three thermal regimes: all three center at 20 degrees, one with a minor diurnal variation  (18.5 to 21.5) and one with major diurnal variation (17.5 to 22.5)",,individual,1,NA,1,,exogenous,NA,NA,47,-70,Ouelle River,wild,NA
2013,Beauregard et al.,Can. J. Fish. Aquat. Sci,10.37077884,,20.2,0.5,0,NA,0,NA,0.640802265,Salmo salar,juvenile,constant thermal regime,"three thermal regimes: all three center at 20 degrees, one with a minor diurnal variation  (18.5 to 21.5) and one with major diurnal variation (17.5 to 22.5)",,individual,1,NA,1,,exogenous,NA,NA,47,-70,Ouelle River,wild,NA
2013,Beauregard et al.,Can. J. Fish. Aquat. Sci,7.105505942,,20.2,0.5,0,NA,0,NA,1.029674577,Salmo salar,juvenile,constant thermal regime,"three thermal regimes: all three center at 20 degrees, one with a minor diurnal variation  (18.5 to 21.5) and one with major diurnal variation (17.5 to 22.5)",,individual,1,NA,1,,exogenous,NA,NA,47,-70,Ouelle River,wild,NA
2013,Beauregard et al.,Can. J. Fish. Aquat. Sci,8.55143177,,20.2,0.5,0,NA,0,NA,1.033791953,Salmo salar,juvenile,constant thermal regime,"three thermal regimes: all three center at 20 degrees, one with a minor diurnal variation  (18.5 to 21.5) and one with major diurnal variation (17.5 to 22.5)",,individual,1,NA,1,,exogenous,NA,NA,47,-70,Ouelle River,wild,NA
2013,Beauregard et al.,Can. J. Fish. Aquat. Sci,9.115449428,,20.2,0.5,0,NA,0,NA,1.00072448,Salmo salar,juvenile,constant thermal regime,"three thermal regimes: all three center at 20 degrees, one with a minor diurnal variation  (18.5 to 21.5) and one with major diurnal variation (17.5 to 22.5)",,individual,1,NA,1,,exogenous,NA,NA,47,-70,Ouelle River,wild,NA
2013,Beauregard et al.,Can. J. Fish. Aquat. Sci,9.057412786,,20.2,0.5,0,NA,0,NA,1.313467404,Salmo salar,juvenile,constant thermal regime,"three thermal regimes: all three center at 20 degrees, one with a minor diurnal variation  (18.5 to 21.5) and one with major diurnal variation (17.5 to 22.5)",,individual,1,NA,1,,exogenous,NA,NA,47,-70,Ouelle River,wild,NA
2013,Beauregard et al.,Can. J. Fish. Aquat. Sci,8.705742658,,20.2,0.5,0,NA,0,NA,1.212662018,Salmo salar,juvenile,constant thermal regime,"three thermal regimes: all three center at 20 degrees, one with a minor diurnal variation  (18.5 to 21.5) and one with major diurnal variation (17.5 to 22.5)",,individual,1,NA,1,,exogenous,NA,NA,47,-70,Ouelle River,wild,NA
2013,Beauregard et al.,Can. J. Fish. Aquat. Sci,9.209082554,,20.2,0.5,0,NA,0,NA,1.459159571,Salmo salar,juvenile,constant thermal regime,"three thermal regimes: all three center at 20 degrees, one with a minor diurnal variation  (18.5 to 21.5) and one with major diurnal variation (17.5 to 22.5)",,individual,1,NA,1,,exogenous,NA,NA,47,-70,Ouelle River,wild,NA
2013,Beauregard et al.,Can. J. Fish. Aquat. Sci,9.375260772,,20.2,0.5,0,NA,0,NA,1.327923925,Salmo salar,juvenile,constant thermal regime,"three thermal regimes: all three center at 20 degrees, one with a minor diurnal variation  (18.5 to 21.5) and one with major diurnal variation (17.5 to 22.5)",,individual,1,NA,1,,exogenous,NA,NA,47,-70,Ouelle River,wild,NA
2013,Beauregard et al.,Can. J. Fish. Aquat. Sci,9.816476182,,20.2,0.5,0,NA,0,NA,1.285402922,Salmo salar,juvenile,constant thermal regime,"three thermal regimes: all three center at 20 degrees, one with a minor diurnal variation  (18.5 to 21.5) and one with major diurnal variation (17.5 to 22.5)",,individual,1,NA,1,,exogenous,NA,NA,47,-70,Ouelle River,wild,NA
2013,Beauregard et al.,Can. J. Fish. Aquat. Sci,10.00638924,,20.2,0.5,0,NA,0,NA,1.15295291,Salmo salar,juvenile,constant thermal regime,"three thermal regimes: all three center at 20 degrees, one with a minor diurnal variation  (18.5 to 21.5) and one with major diurnal variation (17.5 to 22.5)",,individual,1,NA,1,,exogenous,NA,NA,47,-70,Ouelle River,wild,NA
2013,Beauregard et al.,Can. J. Fish. Aquat. Sci,12.78780828,,20.2,0.5,0,NA,0,NA,1.096412575,Salmo salar,juvenile,constant thermal regime,"three thermal regimes: all three center at 20 degrees, one with a minor diurnal variation  (18.5 to 21.5) and one with major diurnal variation (17.5 to 22.5)",,individual,1,NA,1,,exogenous,NA,NA,47,-70,Ouelle River,wild,NA
2013,Beauregard et al.,Can. J. Fish. Aquat. Sci,13.82413616,,20.2,0.5,0,NA,0,NA,1.183345305,Salmo salar,juvenile,constant thermal regime,"three thermal regimes: all three center at 20 degrees, one with a minor diurnal variation  (18.5 to 21.5) and one with major diurnal variation (17.5 to 22.5)",,individual,1,NA,1,,exogenous,NA,NA,47,-70,Ouelle River,wild,NA
2013,Beauregard et al.,Can. J. Fish. Aquat. Sci,15.72791994,,20.2,0.5,0,NA,0,NA,1.046353634,Salmo salar,juvenile,constant thermal regime,"three thermal regimes: all three center at 20 degrees, one with a minor diurnal variation  (18.5 to 21.5) and one with major diurnal variation (17.5 to 22.5)",,individual,1,NA,1,,exogenous,NA,NA,47,-70,Ouelle River,wild,NA
2013,Beauregard et al.,Can. J. Fish. Aquat. Sci,17.57670997,,20.2,0.5,0,NA,0,NA,1.849343536,Salmo salar,juvenile,constant thermal regime,"three thermal regimes: all three center at 20 degrees, one with a minor diurnal variation  (18.5 to 21.5) and one with major diurnal variation (17.5 to 22.5)",,individual,1,NA,1,,exogenous,NA,NA,47,-70,Ouelle River,wild,NA
2013,Beauregard et al.,Can. J. Fish. Aquat. Sci,18.21677806,,20.2,0.5,0,NA,0,NA,1.917768601,Salmo salar,juvenile,constant thermal regime,"three thermal regimes: all three center at 20 degrees, one with a minor diurnal variation  (18.5 to 21.5) and one with major diurnal variation (17.5 to 22.5)",,individual,1,NA,1,,exogenous,NA,NA,47,-70,Ouelle River,wild,NA
2013,Beauregard et al.,Can. J. Fish. Aquat. Sci,20.30618292,,20.2,0.5,0,NA,0,NA,1.504448138,Salmo salar,juvenile,constant thermal regime,"three thermal regimes: all three center at 20 degrees, one with a minor diurnal variation  (18.5 to 21.5) and one with major diurnal variation (17.5 to 22.5)",,individual,1,NA,1,,exogenous,NA,NA,47,-70,Ouelle River,wild,NA
2013,Beauregard et al.,Can. J. Fish. Aquat. Sci,22.23402197,,20.2,0.5,0,NA,0,NA,1.91852106,Salmo salar,juvenile,constant thermal regime,"three thermal regimes: all three center at 20 degrees, one with a minor diurnal variation  (18.5 to 21.5) and one with major diurnal variation (17.5 to 22.5)",,individual,1,NA,1,,exogenous,NA,NA,47,-70,Ouelle River,wild,NA
2013,Beauregard et al.,Can. J. Fish. Aquat. Sci,19.46795745,,20.2,0.5,0,NA,0,NA,2.508351679,Salmo salar,juvenile,constant thermal regime,"three thermal regimes: all three center at 20 degrees, one with a minor diurnal variation  (18.5 to 21.5) and one with major diurnal variation (17.5 to 22.5)",,individual,1,NA,1,,exogenous,NA,NA,47,-70,Ouelle River,wild,NA
2013,Beauregard et al.,Can. J. Fish. Aquat. Sci,6.415229614,,19.8,2,0,NA,0,NA,0.900212224,Salmo salar,juvenile,mean thermal regime,"three thermal regimes: all three center at 20 degrees, one with a minor diurnal variation  (18.5 to 21.5) and one with major diurnal variation (17.5 to 22.5)",,individual,1,NA,1,,exogenous,NA,NA,47,-70,Ouelle River,wild,NA
2013,Beauregard et al.,Can. J. Fish. Aquat. Sci,10.49069929,,19.8,2,0,NA,0,NA,0.907642805,Salmo salar,juvenile,mean thermal regime,"three thermal regimes: all three center at 20 degrees, one with a minor diurnal variation  (18.5 to 21.5) and one with major diurnal variation (17.5 to 22.5)",,individual,1,NA,1,,exogenous,NA,NA,47,-70,Ouelle River,wild,NA
2013,Beauregard et al.,Can. J. Fish. Aquat. Sci,10.73471624,,19.8,2,0,NA,0,NA,0.779458316,Salmo salar,juvenile,mean thermal regime,"three thermal regimes: all three center at 20 degrees, one with a minor diurnal variation  (18.5 to 21.5) and one with major diurnal variation (17.5 to 22.5)",,individual,1,NA,1,,exogenous,NA,NA,47,-70,Ouelle River,wild,NA
2013,Beauregard et al.,Can. J. Fish. Aquat. Sci,11.70889604,,19.8,2,0,NA,0,NA,1.080436981,Salmo salar,juvenile,mean thermal regime,"three thermal regimes: all three center at 20 degrees, one with a minor diurnal variation  (18.5 to 21.5) and one with major diurnal variation (17.5 to 22.5)",,individual,1,NA,1,,exogenous,NA,NA,47,-70,Ouelle River,wild,NA
2013,Beauregard et al.,Can. J. Fish. Aquat. Sci,9.993614841,,19.8,2,0,NA,0,NA,2.442275932,Salmo salar,juvenile,mean thermal regime,"three thermal regimes: all three center at 20 degrees, one with a minor diurnal variation  (18.5 to 21.5) and one with major diurnal variation (17.5 to 22.5)",,individual,1,NA,1,,exogenous,NA,NA,47,-70,Ouelle River,wild,NA
2013,Beauregard et al.,Can. J. Fish. Aquat. Sci,12.43342692,,19.8,2,0,NA,0,NA,1.775819419,Salmo salar,juvenile,mean thermal regime,"three thermal regimes: all three center at 20 degrees, one with a minor diurnal variation  (18.5 to 21.5) and one with major diurnal variation (17.5 to 22.5)",,individual,1,NA,1,,exogenous,NA,NA,47,-70,Ouelle River,wild,NA
2013,Beauregard et al.,Can. J. Fish. Aquat. Sci,13.54445212,,19.8,2,0,NA,0,NA,2.009163494,Salmo salar,juvenile,mean thermal regime,"three thermal regimes: all three center at 20 degrees, one with a minor diurnal variation  (18.5 to 21.5) and one with major diurnal variation (17.5 to 22.5)",,individual,1,NA,1,,exogenous,NA,NA,47,-70,Ouelle River,wild,NA
2013,Beauregard et al.,Can. J. Fish. Aquat. Sci,14.0556265,,19.8,2,0,NA,0,NA,2.835654067,Salmo salar,juvenile,mean thermal regime,"three thermal regimes: all three center at 20 degrees, one with a minor diurnal variation  (18.5 to 21.5) and one with major diurnal variation (17.5 to 22.5)",,individual,1,NA,1,,exogenous,NA,NA,47,-70,Ouelle River,wild,NA
2013,Beauregard et al.,Can. J. Fish. Aquat. Sci,16.11432822,,19.8,2,0,NA,0,NA,2.581221185,Salmo salar,juvenile,mean thermal regime,"three thermal regimes: all three center at 20 degrees, one with a minor diurnal variation  (18.5 to 21.5) and one with major diurnal variation (17.5 to 22.5)",,individual,1,NA,1,,exogenous,NA,NA,47,-70,Ouelle River,wild,NA
2013,Beauregard et al.,Can. J. Fish. Aquat. Sci,16.27985324,,19.8,2,0,NA,0,NA,3.139592824,Salmo salar,juvenile,mean thermal regime,"three thermal regimes: all three center at 20 degrees, one with a minor diurnal variation  (18.5 to 21.5) and one with major diurnal variation (17.5 to 22.5)",,individual,1,NA,1,,exogenous,NA,NA,47,-70,Ouelle River,wild,NA
2013,Beauregard et al.,Can. J. Fish. Aquat. Sci,17.96258896,,19.8,2,0,NA,0,NA,2.193067037,Salmo salar,juvenile,mean thermal regime,"three thermal regimes: all three center at 20 degrees, one with a minor diurnal variation  (18.5 to 21.5) and one with major diurnal variation (17.5 to 22.5)",,individual,1,NA,1,,exogenous,NA,NA,47,-70,Ouelle River,wild,NA
2013,Beauregard et al.,Can. J. Fish. Aquat. Sci,17.62167376,,19.8,2,0,NA,0,NA,2.366499364,Salmo salar,juvenile,mean thermal regime,"three thermal regimes: all three center at 20 degrees, one with a minor diurnal variation  (18.5 to 21.5) and one with major diurnal variation (17.5 to 22.5)",,individual,1,NA,1,,exogenous,NA,NA,47,-70,Ouelle River,wild,NA
2013,Beauregard et al.,Can. J. Fish. Aquat. Sci,19.3934928,,19.8,2,0,NA,0,NA,3.376906282,Salmo salar,juvenile,mean thermal regime,"three thermal regimes: all three center at 20 degrees, one with a minor diurnal variation  (18.5 to 21.5) and one with major diurnal variation (17.5 to 22.5)",,individual,1,NA,1,,exogenous,NA,NA,47,-70,Ouelle River,wild,NA
2013,Beauregard et al.,Can. J. Fish. Aquat. Sci,23.10263843,,19.8,2,0,NA,0,NA,2.518312204,Salmo salar,juvenile,mean thermal regime,"three thermal regimes: all three center at 20 degrees, one with a minor diurnal variation  (18.5 to 21.5) and one with major diurnal variation (17.5 to 22.5)",,individual,1,NA,1,,exogenous,NA,NA,47,-70,Ouelle River,wild,NA
2013,Beauregard et al.,Can. J. Fish. Aquat. Sci,22.37648959,,19.8,2,0,NA,0,NA,3.489912602,Salmo salar,juvenile,mean thermal regime,"three thermal regimes: all three center at 20 degrees, one with a minor diurnal variation  (18.5 to 21.5) and one with major diurnal variation (17.5 to 22.5)",,individual,1,NA,1,,exogenous,NA,NA,47,-70,Ouelle River,wild,NA
2013,Beauregard et al.,Can. J. Fish. Aquat. Sci,26.89558523,,19.8,2,0,NA,0,NA,3.258746316,Salmo salar,juvenile,mean thermal regime,"three thermal regimes: all three center at 20 degrees, one with a minor diurnal variation  (18.5 to 21.5) and one with major diurnal variation (17.5 to 22.5)",,individual,1,NA,1,,exogenous,NA,NA,47,-70,Ouelle River,wild,NA
2013,Beauregard et al.,Can. J. Fish. Aquat. Sci,27.38091701,,19.8,2,0,NA,0,NA,2.75819456,Salmo salar,juvenile,mean thermal regime,"three thermal regimes: all three center at 20 degrees, one with a minor diurnal variation  (18.5 to 21.5) and one with major diurnal variation (17.5 to 22.5)",,individual,1,NA,1,,exogenous,NA,NA,47,-70,Ouelle River,wild,NA
2013,Beauregard et al.,Can. J. Fish. Aquat. Sci,30.52141863,,19.8,2,0,NA,0,NA,3.18940633,Salmo salar,juvenile,mean thermal regime,"three thermal regimes: all three center at 20 degrees, one with a minor diurnal variation  (18.5 to 21.5) and one with major diurnal variation (17.5 to 22.5)",,individual,1,NA,1,,exogenous,NA,NA,47,-70,Ouelle River,wild,NA
2013,Beauregard et al.,Can. J. Fish. Aquat. Sci,29.29891886,,19.8,2,0,NA,0,NA,3.978669795,Salmo salar,juvenile,mean thermal regime,"three thermal regimes: all three center at 20 degrees, one with a minor diurnal variation  (18.5 to 21.5) and one with major diurnal variation (17.5 to 22.5)",,individual,1,NA,1,,exogenous,NA,NA,47,-70,Ouelle River,wild,NA
2013,Beauregard et al.,Can. J. Fish. Aquat. Sci,29.78954022,,19.8,2,0,NA,0,NA,4.356344062,Salmo salar,juvenile,mean thermal regime,"three thermal regimes: all three center at 20 degrees, one with a minor diurnal variation  (18.5 to 21.5) and one with major diurnal variation (17.5 to 22.5)",,individual,1,NA,1,,exogenous,NA,NA,47,-70,Ouelle River,wild,NA
2013,Beauregard et al.,Can. J. Fish. Aquat. Sci,34.37159791,,19.8,2,0,NA,0,NA,4.294823048,Salmo salar,juvenile,mean thermal regime,"three thermal regimes: all three center at 20 degrees, one with a minor diurnal variation  (18.5 to 21.5) and one with major diurnal variation (17.5 to 22.5)",,individual,1,NA,1,,exogenous,NA,NA,47,-70,Ouelle River,wild,NA
2013,Beauregard et al.,Can. J. Fish. Aquat. Sci,34.63605597,,19.8,2,0,NA,0,NA,4.437364003,Salmo salar,juvenile,mean thermal regime,"three thermal regimes: all three center at 20 degrees, one with a minor diurnal variation  (18.5 to 21.5) and one with major diurnal variation (17.5 to 22.5)",,individual,1,NA,1,,exogenous,NA,NA,47,-70,Ouelle River,wild,NA
2013,Beauregard et al.,Can. J. Fish. Aquat. Sci,7.720688546,,19.8,2,0,NA,0,NA,0.837543161,Salmo salar,juvenile,mean thermal regime,"three thermal regimes: all three center at 20 degrees, one with a minor diurnal variation  (18.5 to 21.5) and one with major diurnal variation (17.5 to 22.5)",,individual,1,NA,1,,exogenous,NA,NA,47,-70,Ouelle River,wild,NA
2013,Beauregard et al.,Can. J. Fish. Aquat. Sci,8.96532176,,19.8,2,0,NA,0,NA,0.796320192,Salmo salar,juvenile,mean thermal regime,"three thermal regimes: all three center at 20 degrees, one with a minor diurnal variation  (18.5 to 21.5) and one with major diurnal variation (17.5 to 22.5)",,individual,1,NA,1,,exogenous,NA,NA,47,-70,Ouelle River,wild,NA
2013,Beauregard et al.,Can. J. Fish. Aquat. Sci,9.495792297,,19.8,2,0,NA,0,NA,0.727389108,Salmo salar,juvenile,mean thermal regime,"three thermal regimes: all three center at 20 degrees, one with a minor diurnal variation  (18.5 to 21.5) and one with major diurnal variation (17.5 to 22.5)",,individual,1,NA,1,,exogenous,NA,NA,47,-70,Ouelle River,wild,NA
2013,Beauregard et al.,Can. J. Fish. Aquat. Sci,10.81731007,,19.8,2,0,NA,0,NA,2.206825285,Salmo salar,juvenile,mean thermal regime,"three thermal regimes: all three center at 20 degrees, one with a minor diurnal variation  (18.5 to 21.5) and one with major diurnal variation (17.5 to 22.5)",,individual,1,NA,1,,exogenous,NA,NA,47,-70,Ouelle River,wild,NA
2013,Beauregard et al.,Can. J. Fish. Aquat. Sci,12.90267065,,19.8,2,0,NA,0,NA,1.166147019,Salmo salar,juvenile,mean thermal regime,"three thermal regimes: all three center at 20 degrees, one with a minor diurnal variation  (18.5 to 21.5) and one with major diurnal variation (17.5 to 22.5)",,individual,1,NA,1,,exogenous,NA,NA,47,-70,Ouelle River,wild,NA
2013,Beauregard et al.,Can. J. Fish. Aquat. Sci,15.8084915,,19.8,2,0,NA,0,NA,1.368416456,Salmo salar,juvenile,mean thermal regime,"three thermal regimes: all three center at 20 degrees, one with a minor diurnal variation  (18.5 to 21.5) and one with major diurnal variation (17.5 to 22.5)",,individual,1,NA,1,,exogenous,NA,NA,47,-70,Ouelle River,wild,NA
2013,Beauregard et al.,Can. J. Fish. Aquat. Sci,19.12288433,,19.8,2,0,NA,0,NA,2.910315456,Salmo salar,juvenile,mean thermal regime,"three thermal regimes: all three center at 20 degrees, one with a minor diurnal variation  (18.5 to 21.5) and one with major diurnal variation (17.5 to 22.5)",,individual,1,NA,1,,exogenous,NA,NA,47,-70,Ouelle River,wild,NA
2013,Beauregard et al.,Can. J. Fish. Aquat. Sci,20.20268786,,19.8,2,0,NA,0,NA,2.436810019,Salmo salar,juvenile,mean thermal regime,"three thermal regimes: all three center at 20 degrees, one with a minor diurnal variation  (18.5 to 21.5) and one with major diurnal variation (17.5 to 22.5)",,individual,1,NA,1,,exogenous,NA,NA,47,-70,Ouelle River,wild,NA
2013,Beauregard et al.,Can. J. Fish. Aquat. Sci,20.02283916,,19.8,2,0,NA,0,NA,2.138558395,Salmo salar,juvenile,mean thermal regime,"three thermal regimes: all three center at 20 degrees, one with a minor diurnal variation  (18.5 to 21.5) and one with major diurnal variation (17.5 to 22.5)",,individual,1,NA,1,,exogenous,NA,NA,47,-70,Ouelle River,wild,NA
2013,Beauregard et al.,Can. J. Fish. Aquat. Sci,18.6167091,,19.8,2,0,NA,0,NA,2.445268653,Salmo salar,juvenile,mean thermal regime,"three thermal regimes: all three center at 20 degrees, one with a minor diurnal variation  (18.5 to 21.5) and one with major diurnal variation (17.5 to 22.5)",,individual,1,NA,1,,exogenous,NA,NA,47,-70,Ouelle River,wild,NA
2013,Beauregard et al.,Can. J. Fish. Aquat. Sci,10.00638924,,19.8,2,0,NA,0,NA,1.000908199,Salmo salar,juvenile,mean thermal regime,"three thermal regimes: all three center at 20 degrees, one with a minor diurnal variation  (18.5 to 21.5) and one with major diurnal variation (17.5 to 22.5)",,individual,1,NA,1,,exogenous,NA,NA,47,-70,Ouelle River,wild,NA
2013,Beauregard et al.,Can. J. Fish. Aquat. Sci,6.820903201,,19.5,3,0,NA,0,NA,0.703575507,Salmo salar,juvenile,max thermal regime,"three thermal regimes: all three center at 20 degrees, one with a minor diurnal variation  (18.5 to 21.5) and one with major diurnal variation (17.5 to 22.5)",,individual,1,NA,1,,exogenous,NA,NA,47,-70,Ouelle River,wild,NA
2013,Beauregard et al.,Can. J. Fish. Aquat. Sci,7.123682863,,19.5,3,0,NA,0,NA,0.753822513,Salmo salar,juvenile,max thermal regime,"three thermal regimes: all three center at 20 degrees, one with a minor diurnal variation  (18.5 to 21.5) and one with major diurnal variation (17.5 to 22.5)",,individual,1,NA,1,,exogenous,NA,NA,47,-70,Ouelle River,wild,NA
2013,Beauregard et al.,Can. J. Fish. Aquat. Sci,7.981425125,,19.5,3,0,NA,0,NA,1.156626322,Salmo salar,juvenile,max thermal regime,"three thermal regimes: all three center at 20 degrees, one with a minor diurnal variation  (18.5 to 21.5) and one with major diurnal variation (17.5 to 22.5)",,individual,1,NA,1,,exogenous,NA,NA,47,-70,Ouelle River,wild,NA
2013,Beauregard et al.,Can. J. Fish. Aquat. Sci,8.167075571,,19.5,3,0,NA,0,NA,1.041222245,Salmo salar,juvenile,max thermal regime,"three thermal regimes: all three center at 20 degrees, one with a minor diurnal variation  (18.5 to 21.5) and one with major diurnal variation (17.5 to 22.5)",,individual,1,NA,1,,exogenous,NA,NA,47,-70,Ouelle River,wild,NA
2013,Beauregard et al.,Can. J. Fish. Aquat. Sci,8.421344129,,19.5,3,0,NA,0,NA,1.546048778,Salmo salar,juvenile,max thermal regime,"three thermal regimes: all three center at 20 degrees, one with a minor diurnal variation  (18.5 to 21.5) and one with major diurnal variation (17.5 to 22.5)",,individual,1,NA,1,,exogenous,NA,NA,47,-70,Ouelle River,wild,NA
2013,Beauregard et al.,Can. J. Fish. Aquat. Sci,10.65275303,,19.5,3,0,NA,0,NA,2.296559389,Salmo salar,juvenile,max thermal regime,"three thermal regimes: all three center at 20 degrees, one with a minor diurnal variation  (18.5 to 21.5) and one with major diurnal variation (17.5 to 22.5)",,individual,1,NA,1,,exogenous,NA,NA,47,-70,Ouelle River,wild,NA
2013,Beauregard et al.,Can. J. Fish. Aquat. Sci,12.29129892,,19.5,3,0,NA,0,NA,1.965547123,Salmo salar,juvenile,max thermal regime,"three thermal regimes: all three center at 20 degrees, one with a minor diurnal variation  (18.5 to 21.5) and one with major diurnal variation (17.5 to 22.5)",,individual,1,NA,1,,exogenous,NA,NA,47,-70,Ouelle River,wild,NA
2013,Beauregard et al.,Can. J. Fish. Aquat. Sci,14.9635512,,19.5,3,0,NA,0,NA,2.091333511,Salmo salar,juvenile,max thermal regime,"three thermal regimes: all three center at 20 degrees, one with a minor diurnal variation  (18.5 to 21.5) and one with major diurnal variation (17.5 to 22.5)",,individual,1,NA,1,,exogenous,NA,NA,47,-70,Ouelle River,wild,NA
2013,Beauregard et al.,Can. J. Fish. Aquat. Sci,16.32149948,,19.5,3,0,NA,0,NA,1.931309558,Salmo salar,juvenile,max thermal regime,"three thermal regimes: all three center at 20 degrees, one with a minor diurnal variation  (18.5 to 21.5) and one with major diurnal variation (17.5 to 22.5)",,individual,1,NA,1,,exogenous,NA,NA,47,-70,Ouelle River,wild,NA
2013,Beauregard et al.,Can. J. Fish. Aquat. Sci,22.09246143,,19.5,3,0,NA,0,NA,4.514551938,Salmo salar,juvenile,max thermal regime,"three thermal regimes: all three center at 20 degrees, one with a minor diurnal variation  (18.5 to 21.5) and one with major diurnal variation (17.5 to 22.5)",,individual,1,NA,1,,exogenous,NA,NA,47,-70,Ouelle River,wild,NA
2013,Beauregard et al.,Can. J. Fish. Aquat. Sci,33.63321451,,19.5,3,0,NA,0,NA,5.299870917,Salmo salar,juvenile,max thermal regime,"three thermal regimes: all three center at 20 degrees, one with a minor diurnal variation  (18.5 to 21.5) and one with major diurnal variation (17.5 to 22.5)",,individual,1,NA,1,,exogenous,NA,NA,47,-70,Ouelle River,wild,NA
2013,Beauregard et al.,Can. J. Fish. Aquat. Sci,36.21978837,,19.5,3,0,NA,0,NA,3.054629594,Salmo salar,juvenile,max thermal regime,"three thermal regimes: all three center at 20 degrees, one with a minor diurnal variation  (18.5 to 21.5) and one with major diurnal variation (17.5 to 22.5)",,individual,1,NA,1,,exogenous,NA,NA,47,-70,Ouelle River,wild,NA
2013,Beauregard et al.,Can. J. Fish. Aquat. Sci,28.66950863,,19.5,3,0,NA,0,NA,3.416469901,Salmo salar,juvenile,max thermal regime,"three thermal regimes: all three center at 20 degrees, one with a minor diurnal variation  (18.5 to 21.5) and one with major diurnal variation (17.5 to 22.5)",,individual,1,NA,1,,exogenous,NA,NA,47,-70,Ouelle River,wild,NA
2013,Beauregard et al.,Can. J. Fish. Aquat. Sci,28.55984819,,19.5,3,0,NA,0,NA,3.259131484,Salmo salar,juvenile,max thermal regime,"three thermal regimes: all three center at 20 degrees, one with a minor diurnal variation  (18.5 to 21.5) and one with major diurnal variation (17.5 to 22.5)",,individual,1,NA,1,,exogenous,NA,NA,47,-70,Ouelle River,wild,NA
2013,Beauregard et al.,Can. J. Fish. Aquat. Sci,21.34346419,,19.5,3,0,NA,0,NA,2.573301534,Salmo salar,juvenile,max thermal regime,"three thermal regimes: all three center at 20 degrees, one with a minor diurnal variation  (18.5 to 21.5) and one with major diurnal variation (17.5 to 22.5)",,individual,1,NA,1,,exogenous,NA,NA,47,-70,Ouelle River,wild,NA
2013,Beauregard et al.,Can. J. Fish. Aquat. Sci,11.41353696,,19.5,3,0,NA,0,NA,1.535795902,Salmo salar,juvenile,max thermal regime,"three thermal regimes: all three center at 20 degrees, one with a minor diurnal variation  (18.5 to 21.5) and one with major diurnal variation (17.5 to 22.5)",,individual,1,NA,1,,exogenous,NA,NA,47,-70,Ouelle River,wild,NA
2013,Beauregard et al.,Can. J. Fish. Aquat. Sci,19.31931298,,19.5,3,0,NA,0,NA,2.161797171,Salmo salar,juvenile,max thermal regime,"three thermal regimes: all three center at 20 degrees, one with a minor diurnal variation  (18.5 to 21.5) and one with major diurnal variation (17.5 to 22.5)",,individual,1,NA,1,,exogenous,NA,NA,47,-70,Ouelle River,wild,NA
2013,Beauregard et al.,Can. J. Fish. Aquat. Sci,31.55216223,,19.5,3,0,NA,0,NA,4.436549515,Salmo salar,juvenile,max thermal regime,"three thermal regimes: all three center at 20 degrees, one with a minor diurnal variation  (18.5 to 21.5) and one with major diurnal variation (17.5 to 22.5)",,individual,1,NA,1,,exogenous,NA,NA,47,-70,Ouelle River,wild,NA
2013,Beauregard et al.,Can. J. Fish. Aquat. Sci,8.595239353,,19.5,3,0,NA,0,NA,1.351988348,Salmo salar,juvenile,max thermal regime,"three thermal regimes: all three center at 20 degrees, one with a minor diurnal variation  (18.5 to 21.5) and one with major diurnal variation (17.5 to 22.5)",,individual,1,NA,1,,exogenous,NA,NA,47,-70,Ouelle River,wild,NA
2013,Beauregard et al.,Can. J. Fish. Aquat. Sci,11.72386301,,19.5,3,0,NA,0,NA,1.795035219,Salmo salar,juvenile,max thermal regime,"three thermal regimes: all three center at 20 degrees, one with a minor diurnal variation  (18.5 to 21.5) and one with major diurnal variation (17.5 to 22.5)",,individual,1,NA,1,,exogenous,NA,NA,47,-70,Ouelle River,wild,NA
2013,Beauregard et al.,Can. J. Fish. Aquat. Sci,12.21304214,,19.5,3,0,NA,0,NA,1.267438276,Salmo salar,juvenile,max thermal regime,"three thermal regimes: all three center at 20 degrees, one with a minor diurnal variation  (18.5 to 21.5) and one with major diurnal variation (17.5 to 22.5)",,individual,1,NA,1,,exogenous,NA,NA,47,-70,Ouelle River,wild,NA
2013,Beauregard et al.,Can. J. Fish. Aquat. Sci,11.58984612,,19.5,3,0,NA,0,NA,1.290494204,Salmo salar,juvenile,max thermal regime,"three thermal regimes: all three center at 20 degrees, one with a minor diurnal variation  (18.5 to 21.5) and one with major diurnal variation (17.5 to 22.5)",,individual,1,NA,1,,exogenous,NA,NA,47,-70,Ouelle River,wild,NA
2013,Beauregard et al.,Can. J. Fish. Aquat. Sci,16.17620196,,19.5,3,0,NA,0,NA,3.656028727,Salmo salar,juvenile,max thermal regime,"three thermal regimes: all three center at 20 degrees, one with a minor diurnal variation  (18.5 to 21.5) and one with major diurnal variation (17.5 to 22.5)",,individual,1,NA,1,,exogenous,NA,NA,47,-70,Ouelle River,wild,NA
2013,Beauregard et al.,Can. J. Fish. Aquat. Sci,19.07409002,,19.5,3,0,NA,0,NA,1.599909296,Salmo salar,juvenile,max thermal regime,"three thermal regimes: all three center at 20 degrees, one with a minor diurnal variation  (18.5 to 21.5) and one with major diurnal variation (17.5 to 22.5)",,individual,1,NA,1,,exogenous,NA,NA,47,-70,Ouelle River,wild,NA
2013,Beauregard et al.,Can. J. Fish. Aquat. Sci,16.80815758,,19.5,3,0,NA,0,NA,2.282012153,Salmo salar,juvenile,max thermal regime,"three thermal regimes: all three center at 20 degrees, one with a minor diurnal variation  (18.5 to 21.5) and one with major diurnal variation (17.5 to 22.5)",,individual,1,NA,1,,exogenous,NA,NA,47,-70,Ouelle River,wild,NA
2013,Beauregard et al.,Can. J. Fish. Aquat. Sci,19.74344906,,19.5,3,0,NA,0,NA,2.879008577,Salmo salar,juvenile,max thermal regime,"three thermal regimes: all three center at 20 degrees, one with a minor diurnal variation  (18.5 to 21.5) and one with major diurnal variation (17.5 to 22.5)",,individual,1,NA,1,,exogenous,NA,NA,47,-70,Ouelle River,wild,NA
2013,Beauregard et al.,Can. J. Fish. Aquat. Sci,23.45951349,,19.5,3,0,NA,0,NA,2.50927276,Salmo salar,juvenile,max thermal regime,"three thermal regimes: all three center at 20 degrees, one with a minor diurnal variation  (18.5 to 21.5) and one with major diurnal variation (17.5 to 22.5)",,individual,1,NA,1,,exogenous,NA,NA,47,-70,Ouelle River,wild,NA
2013,Beauregard et al.,Can. J. Fish. Aquat. Sci,25.98374844,,19.5,3,0,NA,0,NA,2.728071272,Salmo salar,juvenile,max thermal regime,"three thermal regimes: all three center at 20 degrees, one with a minor diurnal variation  (18.5 to 21.5) and one with major diurnal variation (17.5 to 22.5)",,individual,1,NA,1,,exogenous,NA,NA,47,-70,Ouelle River,wild,NA
2013,Beauregard et al.,Can. J. Fish. Aquat. Sci,28.77959014,,19.5,3,0,NA,0,NA,3.177494535,Salmo salar,juvenile,max thermal regime,"three thermal regimes: all three center at 20 degrees, one with a minor diurnal variation  (18.5 to 21.5) and one with major diurnal variation (17.5 to 22.5)",,individual,1,NA,1,,exogenous,NA,NA,47,-70,Ouelle River,wild,NA
2013,Beauregard et al.,Can. J. Fish. Aquat. Sci,9.79142828,,19.5,3,0,NA,0,NA,1.367126659,Salmo salar,juvenile,max thermal regime,"three thermal regimes: all three center at 20 degrees, one with a minor diurnal variation  (18.5 to 21.5) and one with major diurnal variation (17.5 to 22.5)",,individual,1,NA,1,,exogenous,NA,NA,47,-70,Ouelle River,wild,NA
2019,Hvas et al.,Journal of Fish Biol,343,34,13,NA,29.90654206,NA,0.949414034,NA,62.24589207,Salmo salar,juvenile,tested individually in small chamber,unclear how many fish per group. Paper also includes Ucrit data if needed,NA,mean,1,31.5,1,,exogenous,NA,NA,NA,NA,NA,hatchery,1
2019,Hvas et al.,Journal of Fish Biol,343,34,13,NA,44.85981308,NA,1.42412105,NA,96.81086865,Salmo salar,juvenile,tested individually in small chamber,unclear how many fish per group. Paper also includes Ucrit data if needed,NA,mean,1,31.5,1,,exogenous,NA,NA,NA,NA,NA,hatchery,1
2019,Hvas et al.,Journal of Fish Biol,343,34,13,NA,59.81308411,NA,1.898828067,NA,111.0076742,Salmo salar,juvenile,tested individually in small chamber,unclear how many fish per group. Paper also includes Ucrit data if needed,NA,mean,1,31.5,1,,exogenous,NA,NA,NA,NA,NA,hatchery,1
2019,Hvas et al.,Journal of Fish Biol,343,34,13,NA,74.76635514,NA,2.373535084,NA,134.166475,Salmo salar,juvenile,tested individually in small chamber,unclear how many fish per group. Paper also includes Ucrit data if needed,NA,mean,1,31.5,1,,exogenous,NA,NA,NA,NA,NA,hatchery,1
2019,Hvas et al.,Journal of Fish Biol,343,34,13,NA,89.90654206,NA,2.854175938,NA,156.917151,Salmo salar,juvenile,tested individually in small chamber,unclear how many fish per group. Paper also includes Ucrit data if needed,NA,mean,1,31.5,1,,exogenous,NA,NA,NA,NA,NA,hatchery,1
2019,Hvas et al.,Journal of Fish Biol,403,16,13,NA,29.90654206,NA,0.895405451,NA,83.66407752,Salmo salar,juvenile,tested in group in larger chamber,unclear how many fish per group. Paper also includes Ucrit data if needed,NA,mean,1,33.4,1,,exogenous,NA,NA,NA,NA,NA,hatchery,1
2019,Hvas et al.,Journal of Fish Biol,403,16,13,NA,44.85981308,NA,1.343108176,NA,108.4808689,Salmo salar,juvenile,tested in group in larger chamber,unclear how many fish per group. Paper also includes Ucrit data if needed,NA,mean,1,33.4,1,,exogenous,NA,NA,NA,NA,NA,hatchery,1
2019,Hvas et al.,Journal of Fish Biol,403,16,13,NA,60,NA,1.796407186,NA,139.9974782,Salmo salar,juvenile,tested in group in larger chamber,unclear how many fish per group. Paper also includes Ucrit data if needed,NA,mean,1,33.4,1,,exogenous,NA,NA,NA,NA,NA,hatchery,1
2019,Hvas et al.,Journal of Fish Biol,403,16,13,NA,74.95327103,NA,2.244109911,NA,177.2584501,Salmo salar,juvenile,tested in group in larger chamber,unclear how many fish per group. Paper also includes Ucrit data if needed,NA,mean,1,33.4,1,,exogenous,NA,NA,NA,NA,NA,hatchery,1
2019,Hvas et al.,Journal of Fish Biol,403,16,13,NA,89.90654206,NA,2.691812636,NA,214.0407996,Salmo salar,juvenile,tested in group in larger chamber,unclear how many fish per group. Paper also includes Ucrit data if needed,NA,mean,1,33.4,1,,exogenous,NA,NA,NA,NA,NA,hatchery,1
2019,Hvas et al.,Journal of Fish Biol,343,34,13,NA,0,NA,0,NA,42.189,Salmo salar,juvenile,standard metabolic rate tested in small Ucrit chamber,unclear how many fish per group. Paper also includes Ucrit data if needed,NA,mean,1,31.5,1,,exogenous,NA,NA,NA,NA,NA,hatchery,1
