year,author,journal,mass_g,se_mass_g,temperature_c,temperature_c_sd,swimspeed_cm_per_s,se_swimspeed_cm_per_s,swimspeed_bodylengths_per_second,se_swimSpeed_bodylengths_per_second,mr_mgo2_per_h,species,life_stage,author_notes,notes,author_fishid,indiv_or_mean,n,fork_length_cm,data_quality,age_dph,exogenous_or_endogenous,salinity_ppt,salinity_factor,latitude_degrees,longitude_degrees,river_of_origin,hatchery_or_wIld,digitized_figure,SMR_micromol_per_hour,food_factor,ration_perc_satiation_pastweek
2011,Van Leeuwen,Journ. Animal Eco.,2.107437915,NA,13.1,0.4,0,NA,0,NA,0.482045803,Onchorhynchus kisutch,juvenile,,reduced ration,,individual,1,NA,2,NA,exogenous,0,fresh,NA,NA,NA,hatchery,1,15.06393136,reduced,0
2011,Van Leeuwen,Journ. Animal Eco.,2.908047745,NA,13.1,0.4,0,NA,0,NA,0.396013707,Onchorhynchus kisutch,juvenile,,reduced ration,,individual,1,NA,2,NA,exogenous,0,fresh,NA,NA,NA,hatchery,1,12.37542834,reduced,0
2011,Van Leeuwen,Journ. Animal Eco.,3.232797816,NA,13.1,0.4,0,NA,0,NA,0.415147229,Onchorhynchus kisutch,juvenile,,reduced ration,,individual,1,NA,2,NA,exogenous,0,fresh,NA,NA,NA,hatchery,1,12.97335091,reduced,0
2011,Van Leeuwen,Journ. Animal Eco.,3.625659148,NA,13.1,0.4,0,NA,0,NA,0.415024583,Onchorhynchus kisutch,juvenile,,reduced ration,,individual,1,NA,2,NA,exogenous,0,fresh,NA,NA,NA,hatchery,1,12.96951823,reduced,0
2011,Van Leeuwen,Journ. Animal Eco.,3.53095937,NA,13.1,0.4,0,NA,0,NA,0.498848468,Onchorhynchus kisutch,juvenile,,reduced ration,,individual,1,NA,2,NA,exogenous,0,fresh,NA,NA,NA,hatchery,1,15.58901462,reduced,0
2011,Van Leeuwen,Journ. Animal Eco.,4.363618188,NA,13.1,0.4,0,NA,0,NA,0.55806063,Onchorhynchus kisutch,juvenile,,reduced ration,,individual,1,NA,2,NA,exogenous,0,fresh,NA,NA,NA,hatchery,1,17.43939469,reduced,0
2011,Van Leeuwen,Journ. Animal Eco.,4.682718858,NA,13.1,0.4,0,NA,0,NA,0.595582167,Onchorhynchus kisutch,juvenile,,reduced ration,,individual,1,NA,2,NA,exogenous,0,fresh,NA,NA,NA,hatchery,1,18.61194271,reduced,0
2011,Van Leeuwen,Journ. Animal Eco.,2.895248356,NA,13.1,0.4,0,NA,0,NA,0.505060415,Onchorhynchus kisutch,juvenile,,full ration,,individual,1,NA,1,NA,exogenous,0,fresh,NA,NA,NA,hatchery,1,15.78313797,full,100
2011,Van Leeuwen,Journ. Animal Eco.,4.421746795,NA,13.1,0.4,0,NA,0,NA,0.592147021,Onchorhynchus kisutch,juvenile,,full ration,,individual,1,NA,1,NA,exogenous,0,fresh,NA,NA,NA,hatchery,1,18.50459442,full,100
2011,Van Leeuwen,Journ. Animal Eco.,5.512889789,NA,13.1,0.4,0,NA,0,NA,0.61325424,Onchorhynchus kisutch,juvenile,,full ration,,individual,1,NA,1,NA,exogenous,0,fresh,NA,NA,NA,hatchery,1,19.164195,full,100
2011,Van Leeuwen,Journ. Animal Eco.,5.761511041,NA,13.1,0.4,0,NA,0,NA,0.602368585,Onchorhynchus kisutch,juvenile,,full ration,,individual,1,NA,1,NA,exogenous,0,fresh,NA,NA,NA,hatchery,1,18.82401827,full,100
2011,Van Leeuwen,Journ. Animal Eco.,6.128530077,NA,13.1,0.4,0,NA,0,NA,0.719585044,Onchorhynchus kisutch,juvenile,,full ration,,individual,1,NA,1,NA,exogenous,0,fresh,NA,NA,NA,hatchery,1,22.48703264,full,100
2011,Van Leeuwen,Journ. Animal Eco.,6.753080328,NA,13.1,0.4,0,NA,0,NA,0.829477629,Onchorhynchus kisutch,juvenile,,full ration,,individual,1,NA,1,NA,exogenous,0,fresh,NA,NA,NA,hatchery,1,25.9211759,full,100
2011,Van Leeuwen,Journ. Animal Eco.,5.889995223,NA,13.1,0.4,0,NA,0,NA,0.870097763,Onchorhynchus kisutch,juvenile,,full ration,,individual,1,NA,1,NA,exogenous,0,fresh,NA,NA,NA,hatchery,1,27.1905551,full,100
2011,Van Leeuwen,Journ. Animal Eco.,1.16330953,NA,13.1,0.4,0,NA,0,NA,0.153650068,Onchorhynchus kisutch,juvenile,,full ration,,individual,1,NA,1,NA,exogenous,0,fresh,55,45,McNab Creek,wild,1,4.801564634,reduced,0
2011,Van Leeuwen,Journ. Animal Eco.,1.400428588,NA,13.1,0.4,0,NA,0,NA,0.181326598,Onchorhynchus kisutch,juvenile,,full ration,,individual,1,NA,1,NA,exogenous,0,fresh,55,45,McNab Creek,wild,1,5.666456182,reduced,0
2011,Van Leeuwen,Journ. Animal Eco.,2.138155754,NA,13.1,0.4,0,NA,0,NA,0.148045069,Onchorhynchus kisutch,juvenile,,full ration,,individual,1,NA,1,NA,exogenous,0,fresh,55,45,McNab Creek,wild,1,4.626408406,reduced,0
2011,Van Leeuwen,Journ. Animal Eco.,1.873917118,NA,13.1,0.4,0,NA,0,NA,0.196880996,Onchorhynchus kisutch,juvenile,,full ration,,individual,1,NA,1,NA,exogenous,0,fresh,55,45,McNab Creek,wild,1,6.152531116,reduced,0
2011,Van Leeuwen,Journ. Animal Eco.,1.924612126,NA,13.1,0.4,0,NA,0,NA,0.229698232,Onchorhynchus kisutch,juvenile,,full ration,,individual,1,NA,1,NA,exogenous,0,fresh,55,45,McNab Creek,wild,1,7.17806976,reduced,0
2011,Van Leeuwen,Journ. Animal Eco.,4.716640102,NA,13.1,0.4,0,NA,0,NA,0.429776052,Onchorhynchus kisutch,juvenile,,full ration,,individual,1,NA,1,NA,exogenous,0,fresh,55,45,McNab Creek,wild,1,13.43050162,reduced,0
2011,Van Leeuwen,Journ. Animal Eco.,3.668936326,NA,13.1,0.4,0,NA,0,NA,0.504758088,Onchorhynchus kisutch,juvenile,,full ration,,individual,1,NA,1,NA,exogenous,0,fresh,55,45,McNab Creek,wild,1,15.77369024,full,100
2011,Van Leeuwen,Journ. Animal Eco.,3.449336206,NA,13.1,0.4,0,NA,0,NA,0.516960703,Onchorhynchus kisutch,juvenile,,full ration,,individual,1,NA,1,NA,exogenous,0,fresh,55,45,McNab Creek,wild,1,16.15502196,full,100
2011,Van Leeuwen,Journ. Animal Eco.,3.301096152,NA,13.1,0.4,0,NA,0,NA,0.585610584,Onchorhynchus kisutch,juvenile,,full ration,,individual,1,NA,1,NA,exogenous,0,fresh,55,45,McNab Creek,wild,1,18.30033076,full,100
2011,Van Leeuwen,Journ. Animal Eco.,3.784850378,NA,13.1,0.4,0,NA,0,NA,0.588887325,Onchorhynchus kisutch,juvenile,,full ration,,individual,1,NA,1,NA,exogenous,0,fresh,55,45,McNab Creek,wild,1,18.40272891,full,100
2011,Van Leeuwen,Journ. Animal Eco.,3.991461742,NA,13.1,0.4,0,NA,0,NA,0.682936246,Onchorhynchus kisutch,juvenile,,full ration,,individual,1,NA,1,NA,exogenous,0,fresh,55,45,McNab Creek,wild,1,21.34175769,full,100
2011,Van Leeuwen,Journ. Animal Eco.,4.97728968,NA,13.1,0.4,0,NA,0,NA,0.768527013,Onchorhynchus kisutch,juvenile,,full ration,,individual,1,NA,1,NA,exogenous,0,fresh,55,45,McNab Creek,wild,1,24.01646916,full,100
2011,Van Leeuwen,Journ. Animal Eco.,4.173728371,NA,13.1,0.4,0,NA,0,NA,0.986417159,Onchorhynchus kisutch,juvenile,,full ration,,individual,1,NA,1,NA,exogenous,0,fresh,55,45,McNab Creek,wild,1,30.82553621,full,100
1997,Davis and Schreck,Trans. Amer. Fish. Soc.,97,NA,13.25,NA,NA,NA,0.5,NA,13.58,Oncorhynchus kisutch,juvenile,,control,,mean,10,NA,1,NA,exogenous,NA,NA,NA,NA,NA,hatchery,2,,NA,NA
