author,year,title,mass_g,o2_ug_per_hour,mr_mgO2_per_hour,mr_type,temperature_c,treatment,notes,species,race,n,indiv_or_mean,fish_density_per_meter_squared,data_quality
Boucher,2018,"The effect of substrate rearing on growth, aerobic scope and
physiology of larval white sturgeon Acipenser transmontanus",0.023241573,33.76347252,0.033763473,routine,14,bare tank,"two treatments- gravel and no gravel in the tank. Gravel shown to be important, so we may want to leave out the bare tank group. Bare tanks are given DQ = 3, and maximum metabolic rate fish given DQ = 3 as well (would only want to use for an upper bound)",Acipenser transmontanus,,1,,,3
Boucher,2018,"The effect of substrate rearing on growth, aerobic scope and
physiology of larval white sturgeon Acipenser transmontanus",0.026561798,51.26294097,0.051262941,routine,14,bare tank,"two treatments- gravel and no gravel in the tank. Gravel shown to be important, so we may want to leave out the bare tank group. Bare tanks are given DQ = 3, and maximum metabolic rate fish given DQ = 3 as well (would only want to use for an upper bound)",Acipenser transmontanus,,1,,,3
Boucher,2018,"The effect of substrate rearing on growth, aerobic scope and
physiology of larval white sturgeon Acipenser transmontanus",0.027269663,47.07767038,0.04707767,routine,14,bare tank,"two treatments- gravel and no gravel in the tank. Gravel shown to be important, so we may want to leave out the bare tank group. Bare tanks are given DQ = 3, and maximum metabolic rate fish given DQ = 3 as well (would only want to use for an upper bound)",Acipenser transmontanus,,1,,,3
Boucher,2018,"The effect of substrate rearing on growth, aerobic scope and
physiology of larval white sturgeon Acipenser transmontanus",0.027960674,44.02760741,0.044027607,routine,14,bare tank,"two treatments- gravel and no gravel in the tank. Gravel shown to be important, so we may want to leave out the bare tank group. Bare tanks are given DQ = 3, and maximum metabolic rate fish given DQ = 3 as well (would only want to use for an upper bound)",Acipenser transmontanus,,1,,,3
Boucher,2018,"The effect of substrate rearing on growth, aerobic scope and
physiology of larval white sturgeon Acipenser transmontanus",0.028061798,47.17269352,0.047172694,routine,14,bare tank,"two treatments- gravel and no gravel in the tank. Gravel shown to be important, so we may want to leave out the bare tank group. Bare tanks are given DQ = 3, and maximum metabolic rate fish given DQ = 3 as well (would only want to use for an upper bound)",Acipenser transmontanus,,1,,,3
Boucher,2018,"The effect of substrate rearing on growth, aerobic scope and
physiology of larval white sturgeon Acipenser transmontanus",0.028466292,46.47792879,0.046477929,routine,14,bare tank,"two treatments- gravel and no gravel in the tank. Gravel shown to be important, so we may want to leave out the bare tank group. Bare tanks are given DQ = 3, and maximum metabolic rate fish given DQ = 3 as well (would only want to use for an upper bound)",Acipenser transmontanus,,1,,,3
Boucher,2018,"The effect of substrate rearing on growth, aerobic scope and
physiology of larval white sturgeon Acipenser transmontanus",0.02897191,46.48283532,0.046482835,routine,14,bare tank,"two treatments- gravel and no gravel in the tank. Gravel shown to be important, so we may want to leave out the bare tank group. Bare tanks are given DQ = 3, and maximum metabolic rate fish given DQ = 3 as well (would only want to use for an upper bound)",Acipenser transmontanus,,1,,,3
Boucher,2018,"The effect of substrate rearing on growth, aerobic scope and
physiology of larval white sturgeon Acipenser transmontanus",0.02905618,48.14304172,0.048143042,routine,14,bare tank,"two treatments- gravel and no gravel in the tank. Gravel shown to be important, so we may want to leave out the bare tank group. Bare tanks are given DQ = 3, and maximum metabolic rate fish given DQ = 3 as well (would only want to use for an upper bound)",Acipenser transmontanus,,1,,,3
Boucher,2018,"The effect of substrate rearing on growth, aerobic scope and
physiology of larval white sturgeon Acipenser transmontanus",0.029174157,44.6507368,0.044650737,routine,14,bare tank,"two treatments- gravel and no gravel in the tank. Gravel shown to be important, so we may want to leave out the bare tank group. Bare tanks are given DQ = 3, and maximum metabolic rate fish given DQ = 3 as well (would only want to use for an upper bound)",Acipenser transmontanus,,1,,,3
Boucher,2018,"The effect of substrate rearing on growth, aerobic scope and
physiology of larval white sturgeon Acipenser transmontanus",0.029258427,52.33714407,0.052337144,routine,14,bare tank,"two treatments- gravel and no gravel in the tank. Gravel shown to be important, so we may want to leave out the bare tank group. Bare tanks are given DQ = 3, and maximum metabolic rate fish given DQ = 3 as well (would only want to use for an upper bound)",Acipenser transmontanus,,1,,,3
Boucher,2018,"The effect of substrate rearing on growth, aerobic scope and
physiology of larval white sturgeon Acipenser transmontanus",0.029966292,54.35274684,0.054352747,routine,14,bare tank,"two treatments- gravel and no gravel in the tank. Gravel shown to be important, so we may want to leave out the bare tank group. Bare tanks are given DQ = 3, and maximum metabolic rate fish given DQ = 3 as well (would only want to use for an upper bound)",Acipenser transmontanus,,1,,,3
Boucher,2018,"The effect of substrate rearing on growth, aerobic scope and
physiology of larval white sturgeon Acipenser transmontanus",0.030370787,52.87195591,0.052871956,routine,14,bare tank,"two treatments- gravel and no gravel in the tank. Gravel shown to be important, so we may want to leave out the bare tank group. Bare tanks are given DQ = 3, and maximum metabolic rate fish given DQ = 3 as well (would only want to use for an upper bound)",Acipenser transmontanus,,1,,,3
Boucher,2018,"The effect of substrate rearing on growth, aerobic scope and
physiology of larval white sturgeon Acipenser transmontanus",0.028870787,55.30281471,0.055302815,routine,14,bare tank,"two treatments- gravel and no gravel in the tank. Gravel shown to be important, so we may want to leave out the bare tank group. Bare tanks are given DQ = 3, and maximum metabolic rate fish given DQ = 3 as well (would only want to use for an upper bound)",Acipenser transmontanus,,1,,,3
Boucher,2018,"The effect of substrate rearing on growth, aerobic scope and
physiology of larval white sturgeon Acipenser transmontanus",0.028651685,54.95134357,0.054951344,routine,14,bare tank,"two treatments- gravel and no gravel in the tank. Gravel shown to be important, so we may want to leave out the bare tank group. Bare tanks are given DQ = 3, and maximum metabolic rate fish given DQ = 3 as well (would only want to use for an upper bound)",Acipenser transmontanus,,1,,,3
Boucher,2018,"The effect of substrate rearing on growth, aerobic scope and
physiology of larval white sturgeon Acipenser transmontanus",0.028061798,55.99365422,0.055993654,routine,14,bare tank,"two treatments- gravel and no gravel in the tank. Gravel shown to be important, so we may want to leave out the bare tank group. Bare tanks are given DQ = 3, and maximum metabolic rate fish given DQ = 3 as well (would only want to use for an upper bound)",Acipenser transmontanus,,1,,,3
Boucher,2018,"The effect of substrate rearing on growth, aerobic scope and
physiology of larval white sturgeon Acipenser transmontanus",0.02747191,53.97919631,0.053979196,routine,14,bare tank,"two treatments- gravel and no gravel in the tank. Gravel shown to be important, so we may want to leave out the bare tank group. Bare tanks are given DQ = 3, and maximum metabolic rate fish given DQ = 3 as well (would only want to use for an upper bound)",Acipenser transmontanus,,1,,,3
Boucher,2018,"The effect of substrate rearing on growth, aerobic scope and
physiology of larval white sturgeon Acipenser transmontanus",0.025280899,60.68282551,0.060682826,routine,14,bare tank,"two treatments- gravel and no gravel in the tank. Gravel shown to be important, so we may want to leave out the bare tank group. Bare tanks are given DQ = 3, and maximum metabolic rate fish given DQ = 3 as well (would only want to use for an upper bound)",Acipenser transmontanus,,1,,,3
Boucher,2018,"The effect of substrate rearing on growth, aerobic scope and
physiology of larval white sturgeon Acipenser transmontanus",0.026865169,59.65016437,0.059650164,routine,14,bare tank,"two treatments- gravel and no gravel in the tank. Gravel shown to be important, so we may want to leave out the bare tank group. Bare tanks are given DQ = 3, and maximum metabolic rate fish given DQ = 3 as well (would only want to use for an upper bound)",Acipenser transmontanus,,1,,,3
Boucher,2018,"The effect of substrate rearing on growth, aerobic scope and
physiology of larval white sturgeon Acipenser transmontanus",0.02708427,59.73962678,0.059739627,routine,14,bare tank,"two treatments- gravel and no gravel in the tank. Gravel shown to be important, so we may want to leave out the bare tank group. Bare tanks are given DQ = 3, and maximum metabolic rate fish given DQ = 3 as well (would only want to use for an upper bound)",Acipenser transmontanus,,1,,,3
Boucher,2018,"The effect of substrate rearing on growth, aerobic scope and
physiology of larval white sturgeon Acipenser transmontanus",0.02747191,60.00539718,0.060005397,routine,14,bare tank,"two treatments- gravel and no gravel in the tank. Gravel shown to be important, so we may want to leave out the bare tank group. Bare tanks are given DQ = 3, and maximum metabolic rate fish given DQ = 3 as well (would only want to use for an upper bound)",Acipenser transmontanus,,1,,,3
Boucher,2018,"The effect of substrate rearing on growth, aerobic scope and
physiology of larval white sturgeon Acipenser transmontanus",0.026376404,68.20437335,0.068204373,routine,14,bare tank,"two treatments- gravel and no gravel in the tank. Gravel shown to be important, so we may want to leave out the bare tank group. Bare tanks are given DQ = 3, and maximum metabolic rate fish given DQ = 3 as well (would only want to use for an upper bound)",Acipenser transmontanus,,1,,,3
Boucher,2018,"The effect of substrate rearing on growth, aerobic scope and
physiology of larval white sturgeon Acipenser transmontanus",0.026376404,67.59301964,0.06759302,routine,14,bare tank,"two treatments- gravel and no gravel in the tank. Gravel shown to be important, so we may want to leave out the bare tank group. Bare tanks are given DQ = 3, and maximum metabolic rate fish given DQ = 3 as well (would only want to use for an upper bound)",Acipenser transmontanus,,1,,,3
Boucher,2018,"The effect of substrate rearing on growth, aerobic scope and
physiology of larval white sturgeon Acipenser transmontanus",0.026966292,66.72538148,0.066725381,routine,14,bare tank,"two treatments- gravel and no gravel in the tank. Gravel shown to be important, so we may want to leave out the bare tank group. Bare tanks are given DQ = 3, and maximum metabolic rate fish given DQ = 3 as well (would only want to use for an upper bound)",Acipenser transmontanus,,1,,,3
Boucher,2018,"The effect of substrate rearing on growth, aerobic scope and
physiology of larval white sturgeon Acipenser transmontanus",0.027269663,66.7283254,0.066728325,routine,14,bare tank,"two treatments- gravel and no gravel in the tank. Gravel shown to be important, so we may want to leave out the bare tank group. Bare tanks are given DQ = 3, and maximum metabolic rate fish given DQ = 3 as well (would only want to use for an upper bound)",Acipenser transmontanus,,1,,,3
Boucher,2018,"The effect of substrate rearing on growth, aerobic scope and
physiology of larval white sturgeon Acipenser transmontanus",0.027370787,66.29262548,0.066292625,routine,14,bare tank,"two treatments- gravel and no gravel in the tank. Gravel shown to be important, so we may want to leave out the bare tank group. Bare tanks are given DQ = 3, and maximum metabolic rate fish given DQ = 3 as well (would only want to use for an upper bound)",Acipenser transmontanus,,1,,,3
Boucher,2018,"The effect of substrate rearing on growth, aerobic scope and
physiology of larval white sturgeon Acipenser transmontanus",0.027252809,66.02947189,0.066029472,routine,14,bare tank,"two treatments- gravel and no gravel in the tank. Gravel shown to be important, so we may want to leave out the bare tank group. Bare tanks are given DQ = 3, and maximum metabolic rate fish given DQ = 3 as well (would only want to use for an upper bound)",Acipenser transmontanus,,1,,,3
Boucher,2018,"The effect of substrate rearing on growth, aerobic scope and
physiology of larval white sturgeon Acipenser transmontanus",0.028466292,62.02378032,0.06202378,routine,14,bare tank,"two treatments- gravel and no gravel in the tank. Gravel shown to be important, so we may want to leave out the bare tank group. Bare tanks are given DQ = 3, and maximum metabolic rate fish given DQ = 3 as well (would only want to use for an upper bound)",Acipenser transmontanus,,1,,,3
Boucher,2018,"The effect of substrate rearing on growth, aerobic scope and
physiology of larval white sturgeon Acipenser transmontanus",0.028769663,62.98742293,0.062987423,routine,14,bare tank,"two treatments- gravel and no gravel in the tank. Gravel shown to be important, so we may want to leave out the bare tank group. Bare tanks are given DQ = 3, and maximum metabolic rate fish given DQ = 3 as well (would only want to use for an upper bound)",Acipenser transmontanus,,1,,,3
Boucher,2018,"The effect of substrate rearing on growth, aerobic scope and
physiology of larval white sturgeon Acipenser transmontanus",0.02897191,62.81471305,0.062814713,routine,14,bare tank,"two treatments- gravel and no gravel in the tank. Gravel shown to be important, so we may want to leave out the bare tank group. Bare tanks are given DQ = 3, and maximum metabolic rate fish given DQ = 3 as well (would only want to use for an upper bound)",Acipenser transmontanus,,1,,,3
Boucher,2018,"The effect of substrate rearing on growth, aerobic scope and
physiology of larval white sturgeon Acipenser transmontanus",0.028769663,65.69484651,0.065694847,routine,14,bare tank,"two treatments- gravel and no gravel in the tank. Gravel shown to be important, so we may want to leave out the bare tank group. Bare tanks are given DQ = 3, and maximum metabolic rate fish given DQ = 3 as well (would only want to use for an upper bound)",Acipenser transmontanus,,1,,,3
Boucher,2018,"The effect of substrate rearing on growth, aerobic scope and
physiology of larval white sturgeon Acipenser transmontanus",0.029561798,62.03441113,0.062034411,routine,14,bare tank,"two treatments- gravel and no gravel in the tank. Gravel shown to be important, so we may want to leave out the bare tank group. Bare tanks are given DQ = 3, and maximum metabolic rate fish given DQ = 3 as well (would only want to use for an upper bound)",Acipenser transmontanus,,1,,,3
Boucher,2018,"The effect of substrate rearing on growth, aerobic scope and
physiology of larval white sturgeon Acipenser transmontanus",0.029359551,59.06301621,0.059063016,routine,14,bare tank,"two treatments- gravel and no gravel in the tank. Gravel shown to be important, so we may want to leave out the bare tank group. Bare tanks are given DQ = 3, and maximum metabolic rate fish given DQ = 3 as well (would only want to use for an upper bound)",Acipenser transmontanus,,1,,,3
Boucher,2018,"The effect of substrate rearing on growth, aerobic scope and
physiology of larval white sturgeon Acipenser transmontanus",0.030050562,72.6068397,0.07260684,routine,14,bare tank,"two treatments- gravel and no gravel in the tank. Gravel shown to be important, so we may want to leave out the bare tank group. Bare tanks are given DQ = 3, and maximum metabolic rate fish given DQ = 3 as well (would only want to use for an upper bound)",Acipenser transmontanus,,1,,,3
Boucher,2018,"The effect of substrate rearing on growth, aerobic scope and
physiology of larval white sturgeon Acipenser transmontanus",0.030775281,62.48286803,0.062482868,routine,14,bare tank,"two treatments- gravel and no gravel in the tank. Gravel shown to be important, so we may want to leave out the bare tank group. Bare tanks are given DQ = 3, and maximum metabolic rate fish given DQ = 3 as well (would only want to use for an upper bound)",Acipenser transmontanus,,1,,,3
Boucher,2018,"The effect of substrate rearing on growth, aerobic scope and
physiology of larval white sturgeon Acipenser transmontanus",0.031769663,63.71522496,0.063715225,routine,14,bare tank,"two treatments- gravel and no gravel in the tank. Gravel shown to be important, so we may want to leave out the bare tank group. Bare tanks are given DQ = 3, and maximum metabolic rate fish given DQ = 3 as well (would only want to use for an upper bound)",Acipenser transmontanus,,1,,,3
Boucher,2018,"The effect of substrate rearing on growth, aerobic scope and
physiology of larval white sturgeon Acipenser transmontanus",0.033252809,68.79511964,0.06879512,routine,14,bare tank,"two treatments- gravel and no gravel in the tank. Gravel shown to be important, so we may want to leave out the bare tank group. Bare tanks are given DQ = 3, and maximum metabolic rate fish given DQ = 3 as well (would only want to use for an upper bound)",Acipenser transmontanus,,1,,,3
Boucher,2018,"The effect of substrate rearing on growth, aerobic scope and
physiology of larval white sturgeon Acipenser transmontanus",0.024067416,43.11646468,0.043116465,routine,14,gravel tank,"two treatments- gravel and no gravel in the tank. Gravel shown to be important, so we may want to leave out the bare tank group. Bare tanks are given DQ = 3, and maximum metabolic rate fish given DQ = 3 as well (would only want to use for an upper bound)",Acipenser transmontanus,,1,,,1
Boucher,2018,"The effect of substrate rearing on growth, aerobic scope and
physiology of larval white sturgeon Acipenser transmontanus",0.024859551,44.43419525,0.044434195,routine,14,gravel tank,"two treatments- gravel and no gravel in the tank. Gravel shown to be important, so we may want to leave out the bare tank group. Bare tanks are given DQ = 3, and maximum metabolic rate fish given DQ = 3 as well (would only want to use for an upper bound)",Acipenser transmontanus,,1,,,1
Boucher,2018,"The effect of substrate rearing on growth, aerobic scope and
physiology of larval white sturgeon Acipenser transmontanus",0.024859551,54.82720835,0.054827208,routine,14,gravel tank,"two treatments- gravel and no gravel in the tank. Gravel shown to be important, so we may want to leave out the bare tank group. Bare tanks are given DQ = 3, and maximum metabolic rate fish given DQ = 3 as well (would only want to use for an upper bound)",Acipenser transmontanus,,1,,,1
Boucher,2018,"The effect of substrate rearing on growth, aerobic scope and
physiology of larval white sturgeon Acipenser transmontanus",0.025988764,58.06960731,0.058069607,routine,14,gravel tank,"two treatments- gravel and no gravel in the tank. Gravel shown to be important, so we may want to leave out the bare tank group. Bare tanks are given DQ = 3, and maximum metabolic rate fish given DQ = 3 as well (would only want to use for an upper bound)",Acipenser transmontanus,,1,,,1
Boucher,2018,"The effect of substrate rearing on growth, aerobic scope and
physiology of larval white sturgeon Acipenser transmontanus",0.028162921,61.14747395,0.061147474,routine,14,gravel tank,"two treatments- gravel and no gravel in the tank. Gravel shown to be important, so we may want to leave out the bare tank group. Bare tanks are given DQ = 3, and maximum metabolic rate fish given DQ = 3 as well (would only want to use for an upper bound)",Acipenser transmontanus,,1,,,1
Boucher,2018,"The effect of substrate rearing on growth, aerobic scope and
physiology of larval white sturgeon Acipenser transmontanus",0.028853933,59.75679963,0.0597568,routine,14,gravel tank,"two treatments- gravel and no gravel in the tank. Gravel shown to be important, so we may want to leave out the bare tank group. Bare tanks are given DQ = 3, and maximum metabolic rate fish given DQ = 3 as well (would only want to use for an upper bound)",Acipenser transmontanus,,1,,,1
Boucher,2018,"The effect of substrate rearing on growth, aerobic scope and
physiology of larval white sturgeon Acipenser transmontanus",0.029174157,64.30139182,0.064301392,routine,14,gravel tank,"two treatments- gravel and no gravel in the tank. Gravel shown to be important, so we may want to leave out the bare tank group. Bare tanks are given DQ = 3, and maximum metabolic rate fish given DQ = 3 as well (would only want to use for an upper bound)",Acipenser transmontanus,,1,,,1
Boucher,2018,"The effect of substrate rearing on growth, aerobic scope and
physiology of larval white sturgeon Acipenser transmontanus",0.029865169,67.36486597,0.067364866,routine,14,gravel tank,"two treatments- gravel and no gravel in the tank. Gravel shown to be important, so we may want to leave out the bare tank group. Bare tanks are given DQ = 3, and maximum metabolic rate fish given DQ = 3 as well (would only want to use for an upper bound)",Acipenser transmontanus,,1,,,1
Boucher,2018,"The effect of substrate rearing on growth, aerobic scope and
physiology of larval white sturgeon Acipenser transmontanus",0.029258427,69.54238425,0.069542384,routine,14,gravel tank,"two treatments- gravel and no gravel in the tank. Gravel shown to be important, so we may want to leave out the bare tank group. Bare tanks are given DQ = 3, and maximum metabolic rate fish given DQ = 3 as well (would only want to use for an upper bound)",Acipenser transmontanus,,1,,,1
Boucher,2018,"The effect of substrate rearing on growth, aerobic scope and
physiology of larval white sturgeon Acipenser transmontanus",0.030050562,74.61557333,0.074615573,routine,14,gravel tank,"two treatments- gravel and no gravel in the tank. Gravel shown to be important, so we may want to leave out the bare tank group. Bare tanks are given DQ = 3, and maximum metabolic rate fish given DQ = 3 as well (would only want to use for an upper bound)",Acipenser transmontanus,,1,,,1
Boucher,2018,"The effect of substrate rearing on growth, aerobic scope and
physiology of larval white sturgeon Acipenser transmontanus",0.030269663,75.31638945,0.075316389,routine,14,gravel tank,"two treatments- gravel and no gravel in the tank. Gravel shown to be important, so we may want to leave out the bare tank group. Bare tanks are given DQ = 3, and maximum metabolic rate fish given DQ = 3 as well (would only want to use for an upper bound)",Acipenser transmontanus,,1,,,1
Boucher,2018,"The effect of substrate rearing on growth, aerobic scope and
physiology of larval white sturgeon Acipenser transmontanus",0.030859551,68.68455915,0.068684559,routine,14,gravel tank,"two treatments- gravel and no gravel in the tank. Gravel shown to be important, so we may want to leave out the bare tank group. Bare tanks are given DQ = 3, and maximum metabolic rate fish given DQ = 3 as well (would only want to use for an upper bound)",Acipenser transmontanus,,1,,,1
Boucher,2018,"The effect of substrate rearing on growth, aerobic scope and
physiology of larval white sturgeon Acipenser transmontanus",0.030758427,63.53073941,0.063530739,routine,14,gravel tank,"two treatments- gravel and no gravel in the tank. Gravel shown to be important, so we may want to leave out the bare tank group. Bare tanks are given DQ = 3, and maximum metabolic rate fish given DQ = 3 as well (would only want to use for an upper bound)",Acipenser transmontanus,,1,,,1
Boucher,2018,"The effect of substrate rearing on growth, aerobic scope and
physiology of larval white sturgeon Acipenser transmontanus",0.031162921,63.79667337,0.063796673,routine,14,gravel tank,"two treatments- gravel and no gravel in the tank. Gravel shown to be important, so we may want to leave out the bare tank group. Bare tanks are given DQ = 3, and maximum metabolic rate fish given DQ = 3 as well (would only want to use for an upper bound)",Acipenser transmontanus,,1,,,1
Boucher,2018,"The effect of substrate rearing on growth, aerobic scope and
physiology of larval white sturgeon Acipenser transmontanus",0.031853933,66.33613006,0.06633613,routine,14,gravel tank,"two treatments- gravel and no gravel in the tank. Gravel shown to be important, so we may want to leave out the bare tank group. Bare tanks are given DQ = 3, and maximum metabolic rate fish given DQ = 3 as well (would only want to use for an upper bound)",Acipenser transmontanus,,1,,,1
Boucher,2018,"The effect of substrate rearing on growth, aerobic scope and
physiology of larval white sturgeon Acipenser transmontanus",0.031955056,69.21920743,0.069219207,routine,14,gravel tank,"two treatments- gravel and no gravel in the tank. Gravel shown to be important, so we may want to leave out the bare tank group. Bare tanks are given DQ = 3, and maximum metabolic rate fish given DQ = 3 as well (would only want to use for an upper bound)",Acipenser transmontanus,,1,,,1
Boucher,2018,"The effect of substrate rearing on growth, aerobic scope and
physiology of larval white sturgeon Acipenser transmontanus",0.032140449,67.21227287,0.067212273,routine,14,gravel tank,"two treatments- gravel and no gravel in the tank. Gravel shown to be important, so we may want to leave out the bare tank group. Bare tanks are given DQ = 3, and maximum metabolic rate fish given DQ = 3 as well (would only want to use for an upper bound)",Acipenser transmontanus,,1,,,1
Boucher,2018,"The effect of substrate rearing on growth, aerobic scope and
physiology of larval white sturgeon Acipenser transmontanus",0.032544944,68.26423303,0.068264233,routine,14,gravel tank,"two treatments- gravel and no gravel in the tank. Gravel shown to be important, so we may want to leave out the bare tank group. Bare tanks are given DQ = 3, and maximum metabolic rate fish given DQ = 3 as well (would only want to use for an upper bound)",Acipenser transmontanus,,1,,,1
Boucher,2018,"The effect of substrate rearing on growth, aerobic scope and
physiology of larval white sturgeon Acipenser transmontanus",0.03394382,75.26470733,0.075264707,routine,14,gravel tank,"two treatments- gravel and no gravel in the tank. Gravel shown to be important, so we may want to leave out the bare tank group. Bare tanks are given DQ = 3, and maximum metabolic rate fish given DQ = 3 as well (would only want to use for an upper bound)",Acipenser transmontanus,,1,,,1
Boucher,2018,"The effect of substrate rearing on growth, aerobic scope and
physiology of larval white sturgeon Acipenser transmontanus",0.029949438,57.84603307,0.057846033,routine,14,gravel tank,"two treatments- gravel and no gravel in the tank. Gravel shown to be important, so we may want to leave out the bare tank group. Bare tanks are given DQ = 3, and maximum metabolic rate fish given DQ = 3 as well (would only want to use for an upper bound)",Acipenser transmontanus,,1,,,1
Boucher,2018,"The effect of substrate rearing on growth, aerobic scope and
physiology of larval white sturgeon Acipenser transmontanus",0.03055618,57.06589471,0.057065895,routine,14,gravel tank,"two treatments- gravel and no gravel in the tank. Gravel shown to be important, so we may want to leave out the bare tank group. Bare tanks are given DQ = 3, and maximum metabolic rate fish given DQ = 3 as well (would only want to use for an upper bound)",Acipenser transmontanus,,1,,,1
Boucher,2018,"The effect of substrate rearing on growth, aerobic scope and
physiology of larval white sturgeon Acipenser transmontanus",0.030455056,55.40552475,0.055405525,routine,14,gravel tank,"two treatments- gravel and no gravel in the tank. Gravel shown to be important, so we may want to leave out the bare tank group. Bare tanks are given DQ = 3, and maximum metabolic rate fish given DQ = 3 as well (would only want to use for an upper bound)",Acipenser transmontanus,,1,,,1
Boucher,2018,"The effect of substrate rearing on growth, aerobic scope and
physiology of larval white sturgeon Acipenser transmontanus",0.030657303,55.58215985,0.05558216,routine,14,gravel tank,"two treatments- gravel and no gravel in the tank. Gravel shown to be important, so we may want to leave out the bare tank group. Bare tanks are given DQ = 3, and maximum metabolic rate fish given DQ = 3 as well (would only want to use for an upper bound)",Acipenser transmontanus,,1,,,1
Boucher,2018,"The effect of substrate rearing on growth, aerobic scope and
physiology of larval white sturgeon Acipenser transmontanus",0.030960674,56.10912124,0.056109121,routine,14,gravel tank,"two treatments- gravel and no gravel in the tank. Gravel shown to be important, so we may want to leave out the bare tank group. Bare tanks are given DQ = 3, and maximum metabolic rate fish given DQ = 3 as well (would only want to use for an upper bound)",Acipenser transmontanus,,1,,,1
Boucher,2018,"The effect of substrate rearing on growth, aerobic scope and
physiology of larval white sturgeon Acipenser transmontanus",0.028365169,49.35904355,0.049359044,routine,14,gravel tank,"two treatments- gravel and no gravel in the tank. Gravel shown to be important, so we may want to leave out the bare tank group. Bare tanks are given DQ = 3, and maximum metabolic rate fish given DQ = 3 as well (would only want to use for an upper bound)",Acipenser transmontanus,,1,,,1
Boucher,2018,"The effect of substrate rearing on growth, aerobic scope and
physiology of larval white sturgeon Acipenser transmontanus",0.030353933,44.1381679,0.044138168,routine,14,gravel tank,"two treatments- gravel and no gravel in the tank. Gravel shown to be important, so we may want to leave out the bare tank group. Bare tanks are given DQ = 3, and maximum metabolic rate fish given DQ = 3 as well (would only want to use for an upper bound)",Acipenser transmontanus,,1,,,1
Boucher,2018,"The effect of substrate rearing on growth, aerobic scope and
physiology of larval white sturgeon Acipenser transmontanus",0.030657303,47.19788038,0.04719788,routine,14,gravel tank,"two treatments- gravel and no gravel in the tank. Gravel shown to be important, so we may want to leave out the bare tank group. Bare tanks are given DQ = 3, and maximum metabolic rate fish given DQ = 3 as well (would only want to use for an upper bound)",Acipenser transmontanus,,1,,,1
Boucher,2018,"The effect of substrate rearing on growth, aerobic scope and
physiology of larval white sturgeon Acipenser transmontanus",0.032157303,50.88055869,0.050880559,routine,14,gravel tank,"two treatments- gravel and no gravel in the tank. Gravel shown to be important, so we may want to leave out the bare tank group. Bare tanks are given DQ = 3, and maximum metabolic rate fish given DQ = 3 as well (would only want to use for an upper bound)",Acipenser transmontanus,,1,,,1
Boucher,2018,"The effect of substrate rearing on growth, aerobic scope and
physiology of larval white sturgeon Acipenser transmontanus",0.032359551,52.89125493,0.052891255,routine,14,gravel tank,"two treatments- gravel and no gravel in the tank. Gravel shown to be important, so we may want to leave out the bare tank group. Bare tanks are given DQ = 3, and maximum metabolic rate fish given DQ = 3 as well (would only want to use for an upper bound)",Acipenser transmontanus,,1,,,1
Boucher,2018,"The effect of substrate rearing on growth, aerobic scope and
physiology of larval white sturgeon Acipenser transmontanus",0.03205618,56.9931145,0.056993115,routine,14,gravel tank,"two treatments- gravel and no gravel in the tank. Gravel shown to be important, so we may want to leave out the bare tank group. Bare tanks are given DQ = 3, and maximum metabolic rate fish given DQ = 3 as well (would only want to use for an upper bound)",Acipenser transmontanus,,1,,,1
Boucher,2018,"The effect of substrate rearing on growth, aerobic scope and
physiology of larval white sturgeon Acipenser transmontanus",0.032460674,56.5603585,0.056560359,routine,14,gravel tank,"two treatments- gravel and no gravel in the tank. Gravel shown to be important, so we may want to leave out the bare tank group. Bare tanks are given DQ = 3, and maximum metabolic rate fish given DQ = 3 as well (would only want to use for an upper bound)",Acipenser transmontanus,,1,,,1
Boucher,2018,"The effect of substrate rearing on growth, aerobic scope and
physiology of larval white sturgeon Acipenser transmontanus",0.032848315,57.26281013,0.05726281,routine,14,gravel tank,"two treatments- gravel and no gravel in the tank. Gravel shown to be important, so we may want to leave out the bare tank group. Bare tanks are given DQ = 3, and maximum metabolic rate fish given DQ = 3 as well (would only want to use for an upper bound)",Acipenser transmontanus,,1,,,1
Boucher,2018,"The effect of substrate rearing on growth, aerobic scope and
physiology of larval white sturgeon Acipenser transmontanus",0.032764045,60.49343343,0.060493433,routine,14,gravel tank,"two treatments- gravel and no gravel in the tank. Gravel shown to be important, so we may want to leave out the bare tank group. Bare tanks are given DQ = 3, and maximum metabolic rate fish given DQ = 3 as well (would only want to use for an upper bound)",Acipenser transmontanus,,1,,,1
Boucher,2018,"The effect of substrate rearing on growth, aerobic scope and
physiology of larval white sturgeon Acipenser transmontanus",0.033353933,55.78300051,0.055783001,routine,14,gravel tank,"two treatments- gravel and no gravel in the tank. Gravel shown to be important, so we may want to leave out the bare tank group. Bare tanks are given DQ = 3, and maximum metabolic rate fish given DQ = 3 as well (would only want to use for an upper bound)",Acipenser transmontanus,,1,,,1
Boucher,2018,"The effect of substrate rearing on growth, aerobic scope and
physiology of larval white sturgeon Acipenser transmontanus",0.033050562,52.19927056,0.052199271,routine,14,gravel tank,"two treatments- gravel and no gravel in the tank. Gravel shown to be important, so we may want to leave out the bare tank group. Bare tanks are given DQ = 3, and maximum metabolic rate fish given DQ = 3 as well (would only want to use for an upper bound)",Acipenser transmontanus,,1,,,1
Boucher,2018,"The effect of substrate rearing on growth, aerobic scope and
physiology of larval white sturgeon Acipenser transmontanus",0.033353933,50.2808171,0.050280817,routine,14,gravel tank,"two treatments- gravel and no gravel in the tank. Gravel shown to be important, so we may want to leave out the bare tank group. Bare tanks are given DQ = 3, and maximum metabolic rate fish given DQ = 3 as well (would only want to use for an upper bound)",Acipenser transmontanus,,1,,,1
Boucher,2018,"The effect of substrate rearing on growth, aerobic scope and
physiology of larval white sturgeon Acipenser transmontanus",0.033859551,51.85777603,0.051857776,routine,14,gravel tank,"two treatments- gravel and no gravel in the tank. Gravel shown to be important, so we may want to leave out the bare tank group. Bare tanks are given DQ = 3, and maximum metabolic rate fish given DQ = 3 as well (would only want to use for an upper bound)",Acipenser transmontanus,,1,,,1
Boucher,2018,"The effect of substrate rearing on growth, aerobic scope and
physiology of larval white sturgeon Acipenser transmontanus",0.034651685,50.817428,0.050817428,routine,14,gravel tank,"two treatments- gravel and no gravel in the tank. Gravel shown to be important, so we may want to leave out the bare tank group. Bare tanks are given DQ = 3, and maximum metabolic rate fish given DQ = 3 as well (would only want to use for an upper bound)",Acipenser transmontanus,,1,,,1
Boucher,2018,"The effect of substrate rearing on growth, aerobic scope and
physiology of larval white sturgeon Acipenser transmontanus",0.02655914,60.84297521,0.060842975,maximum,14,bare tank,"two treatments- gravel and no gravel in the tank. Gravel shown to be important, so we may want to leave out the bare tank group. Bare tanks are given DQ = 3, and maximum metabolic rate fish given DQ = 3 as well (would only want to use for an upper bound)",Acipenser transmontanus,,1,,,3
Boucher,2018,"The effect of substrate rearing on growth, aerobic scope and
physiology of larval white sturgeon Acipenser transmontanus",0.027949821,56.47933884,0.056479339,maximum,14,bare tank,"two treatments- gravel and no gravel in the tank. Gravel shown to be important, so we may want to leave out the bare tank group. Bare tanks are given DQ = 3, and maximum metabolic rate fish given DQ = 3 as well (would only want to use for an upper bound)",Acipenser transmontanus,,1,,,3
Boucher,2018,"The effect of substrate rearing on growth, aerobic scope and
physiology of larval white sturgeon Acipenser transmontanus",0.028050179,59.25619835,0.059256198,maximum,14,bare tank,"two treatments- gravel and no gravel in the tank. Gravel shown to be important, so we may want to leave out the bare tank group. Bare tanks are given DQ = 3, and maximum metabolic rate fish given DQ = 3 as well (would only want to use for an upper bound)",Acipenser transmontanus,,1,,,3
Boucher,2018,"The effect of substrate rearing on growth, aerobic scope and
physiology of larval white sturgeon Acipenser transmontanus",0.028451613,58.76033058,0.058760331,maximum,14,bare tank,"two treatments- gravel and no gravel in the tank. Gravel shown to be important, so we may want to leave out the bare tank group. Bare tanks are given DQ = 3, and maximum metabolic rate fish given DQ = 3 as well (would only want to use for an upper bound)",Acipenser transmontanus,,1,,,3
Boucher,2018,"The effect of substrate rearing on growth, aerobic scope and
physiology of larval white sturgeon Acipenser transmontanus",0.02865233,58.36363636,0.058363636,maximum,14,bare tank,"two treatments- gravel and no gravel in the tank. Gravel shown to be important, so we may want to leave out the bare tank group. Bare tanks are given DQ = 3, and maximum metabolic rate fish given DQ = 3 as well (would only want to use for an upper bound)",Acipenser transmontanus,,1,,,3
Boucher,2018,"The effect of substrate rearing on growth, aerobic scope and
physiology of larval white sturgeon Acipenser transmontanus",0.029053763,59.65289256,0.059652893,maximum,14,bare tank,"two treatments- gravel and no gravel in the tank. Gravel shown to be important, so we may want to leave out the bare tank group. Bare tanks are given DQ = 3, and maximum metabolic rate fish given DQ = 3 as well (would only want to use for an upper bound)",Acipenser transmontanus,,1,,,3
Boucher,2018,"The effect of substrate rearing on growth, aerobic scope and
physiology of larval white sturgeon Acipenser transmontanus",0.028953405,60.94214876,0.060942149,maximum,14,bare tank,"two treatments- gravel and no gravel in the tank. Gravel shown to be important, so we may want to leave out the bare tank group. Bare tanks are given DQ = 3, and maximum metabolic rate fish given DQ = 3 as well (would only want to use for an upper bound)",Acipenser transmontanus,,1,,,3
Boucher,2018,"The effect of substrate rearing on growth, aerobic scope and
physiology of larval white sturgeon Acipenser transmontanus",0.029154122,61.53719008,0.06153719,maximum,14,bare tank,"two treatments- gravel and no gravel in the tank. Gravel shown to be important, so we may want to leave out the bare tank group. Bare tanks are given DQ = 3, and maximum metabolic rate fish given DQ = 3 as well (would only want to use for an upper bound)",Acipenser transmontanus,,1,,,3
Boucher,2018,"The effect of substrate rearing on growth, aerobic scope and
physiology of larval white sturgeon Acipenser transmontanus",0.02925448,63.02479339,0.063024793,maximum,14,bare tank,"two treatments- gravel and no gravel in the tank. Gravel shown to be important, so we may want to leave out the bare tank group. Bare tanks are given DQ = 3, and maximum metabolic rate fish given DQ = 3 as well (would only want to use for an upper bound)",Acipenser transmontanus,,1,,,3
Boucher,2018,"The effect of substrate rearing on growth, aerobic scope and
physiology of larval white sturgeon Acipenser transmontanus",0.028853047,63.71900826,0.063719008,maximum,14,bare tank,"two treatments- gravel and no gravel in the tank. Gravel shown to be important, so we may want to leave out the bare tank group. Bare tanks are given DQ = 3, and maximum metabolic rate fish given DQ = 3 as well (would only want to use for an upper bound)",Acipenser transmontanus,,1,,,3
Boucher,2018,"The effect of substrate rearing on growth, aerobic scope and
physiology of larval white sturgeon Acipenser transmontanus",0.028752688,65.60330579,0.065603306,maximum,14,bare tank,"two treatments- gravel and no gravel in the tank. Gravel shown to be important, so we may want to leave out the bare tank group. Bare tanks are given DQ = 3, and maximum metabolic rate fish given DQ = 3 as well (would only want to use for an upper bound)",Acipenser transmontanus,,1,,,3
Boucher,2018,"The effect of substrate rearing on growth, aerobic scope and
physiology of larval white sturgeon Acipenser transmontanus",0.028050179,63.52066116,0.063520661,maximum,14,bare tank,"two treatments- gravel and no gravel in the tank. Gravel shown to be important, so we may want to leave out the bare tank group. Bare tanks are given DQ = 3, and maximum metabolic rate fish given DQ = 3 as well (would only want to use for an upper bound)",Acipenser transmontanus,,1,,,3
Boucher,2018,"The effect of substrate rearing on growth, aerobic scope and
physiology of larval white sturgeon Acipenser transmontanus",0.027247312,61.9338843,0.061933884,maximum,14,bare tank,"two treatments- gravel and no gravel in the tank. Gravel shown to be important, so we may want to leave out the bare tank group. Bare tanks are given DQ = 3, and maximum metabolic rate fish given DQ = 3 as well (would only want to use for an upper bound)",Acipenser transmontanus,,1,,,3
Boucher,2018,"The effect of substrate rearing on growth, aerobic scope and
physiology of larval white sturgeon Acipenser transmontanus",0.026860215,64.01652893,0.064016529,maximum,14,bare tank,"two treatments- gravel and no gravel in the tank. Gravel shown to be important, so we may want to leave out the bare tank group. Bare tanks are given DQ = 3, and maximum metabolic rate fish given DQ = 3 as well (would only want to use for an upper bound)",Acipenser transmontanus,,1,,,3
Boucher,2018,"The effect of substrate rearing on growth, aerobic scope and
physiology of larval white sturgeon Acipenser transmontanus",0.027060932,64.80991736,0.064809917,maximum,14,bare tank,"two treatments- gravel and no gravel in the tank. Gravel shown to be important, so we may want to leave out the bare tank group. Bare tanks are given DQ = 3, and maximum metabolic rate fish given DQ = 3 as well (would only want to use for an upper bound)",Acipenser transmontanus,,1,,,3
Boucher,2018,"The effect of substrate rearing on growth, aerobic scope and
physiology of larval white sturgeon Acipenser transmontanus",0.027462366,64.51239669,0.064512397,maximum,14,bare tank,"two treatments- gravel and no gravel in the tank. Gravel shown to be important, so we may want to leave out the bare tank group. Bare tanks are given DQ = 3, and maximum metabolic rate fish given DQ = 3 as well (would only want to use for an upper bound)",Acipenser transmontanus,,1,,,3
Boucher,2018,"The effect of substrate rearing on growth, aerobic scope and
physiology of larval white sturgeon Acipenser transmontanus",0.027462366,63.61983471,0.063619835,maximum,14,bare tank,"two treatments- gravel and no gravel in the tank. Gravel shown to be important, so we may want to leave out the bare tank group. Bare tanks are given DQ = 3, and maximum metabolic rate fish given DQ = 3 as well (would only want to use for an upper bound)",Acipenser transmontanus,,1,,,3
Boucher,2018,"The effect of substrate rearing on growth, aerobic scope and
physiology of larval white sturgeon Acipenser transmontanus",0.026358423,72.94214876,0.072942149,maximum,14,bare tank,"two treatments- gravel and no gravel in the tank. Gravel shown to be important, so we may want to leave out the bare tank group. Bare tanks are given DQ = 3, and maximum metabolic rate fish given DQ = 3 as well (would only want to use for an upper bound)",Acipenser transmontanus,,1,,,3
Boucher,2018,"The effect of substrate rearing on growth, aerobic scope and
physiology of larval white sturgeon Acipenser transmontanus",0.026358423,73.14049587,0.073140496,maximum,14,bare tank,"two treatments- gravel and no gravel in the tank. Gravel shown to be important, so we may want to leave out the bare tank group. Bare tanks are given DQ = 3, and maximum metabolic rate fish given DQ = 3 as well (would only want to use for an upper bound)",Acipenser transmontanus,,1,,,3
Boucher,2018,"The effect of substrate rearing on growth, aerobic scope and
physiology of larval white sturgeon Acipenser transmontanus",0.026960573,69.96694215,0.069966942,maximum,14,bare tank,"two treatments- gravel and no gravel in the tank. Gravel shown to be important, so we may want to leave out the bare tank group. Bare tanks are given DQ = 3, and maximum metabolic rate fish given DQ = 3 as well (would only want to use for an upper bound)",Acipenser transmontanus,,1,,,3
Boucher,2018,"The effect of substrate rearing on growth, aerobic scope and
physiology of larval white sturgeon Acipenser transmontanus",0.027247312,70.26446281,0.070264463,maximum,14,bare tank,"two treatments- gravel and no gravel in the tank. Gravel shown to be important, so we may want to leave out the bare tank group. Bare tanks are given DQ = 3, and maximum metabolic rate fish given DQ = 3 as well (would only want to use for an upper bound)",Acipenser transmontanus,,1,,,3
Boucher,2018,"The effect of substrate rearing on growth, aerobic scope and
physiology of larval white sturgeon Acipenser transmontanus",0.02734767,71.3553719,0.071355372,maximum,14,bare tank,"two treatments- gravel and no gravel in the tank. Gravel shown to be important, so we may want to leave out the bare tank group. Bare tanks are given DQ = 3, and maximum metabolic rate fish given DQ = 3 as well (would only want to use for an upper bound)",Acipenser transmontanus,,1,,,3
Boucher,2018,"The effect of substrate rearing on growth, aerobic scope and
physiology of larval white sturgeon Acipenser transmontanus",0.027247312,72.74380165,0.072743802,maximum,14,bare tank,"two treatments- gravel and no gravel in the tank. Gravel shown to be important, so we may want to leave out the bare tank group. Bare tanks are given DQ = 3, and maximum metabolic rate fish given DQ = 3 as well (would only want to use for an upper bound)",Acipenser transmontanus,,1,,,3
Boucher,2018,"The effect of substrate rearing on growth, aerobic scope and
physiology of larval white sturgeon Acipenser transmontanus",0.028752688,76.11570248,0.076115702,maximum,14,bare tank,"two treatments- gravel and no gravel in the tank. Gravel shown to be important, so we may want to leave out the bare tank group. Bare tanks are given DQ = 3, and maximum metabolic rate fish given DQ = 3 as well (would only want to use for an upper bound)",Acipenser transmontanus,,1,,,3
Boucher,2018,"The effect of substrate rearing on growth, aerobic scope and
physiology of larval white sturgeon Acipenser transmontanus",0.028451613,67.78512397,0.067785124,maximum,14,bare tank,"two treatments- gravel and no gravel in the tank. Gravel shown to be important, so we may want to leave out the bare tank group. Bare tanks are given DQ = 3, and maximum metabolic rate fish given DQ = 3 as well (would only want to use for an upper bound)",Acipenser transmontanus,,1,,,3
Boucher,2018,"The effect of substrate rearing on growth, aerobic scope and
physiology of larval white sturgeon Acipenser transmontanus",0.028953405,68.08264463,0.068082645,maximum,14,bare tank,"two treatments- gravel and no gravel in the tank. Gravel shown to be important, so we may want to leave out the bare tank group. Bare tanks are given DQ = 3, and maximum metabolic rate fish given DQ = 3 as well (would only want to use for an upper bound)",Acipenser transmontanus,,1,,,3
Boucher,2018,"The effect of substrate rearing on growth, aerobic scope and
physiology of larval white sturgeon Acipenser transmontanus",0.029354839,67.2892562,0.067289256,maximum,14,bare tank,"two treatments- gravel and no gravel in the tank. Gravel shown to be important, so we may want to leave out the bare tank group. Bare tanks are given DQ = 3, and maximum metabolic rate fish given DQ = 3 as well (would only want to use for an upper bound)",Acipenser transmontanus,,1,,,3
Boucher,2018,"The effect of substrate rearing on growth, aerobic scope and
physiology of larval white sturgeon Acipenser transmontanus",0.029942652,64.11570248,0.064115702,maximum,14,bare tank,"two treatments- gravel and no gravel in the tank. Gravel shown to be important, so we may want to leave out the bare tank group. Bare tanks are given DQ = 3, and maximum metabolic rate fish given DQ = 3 as well (would only want to use for an upper bound)",Acipenser transmontanus,,1,,,3
Boucher,2018,"The effect of substrate rearing on growth, aerobic scope and
physiology of larval white sturgeon Acipenser transmontanus",0.030344086,62.03305785,0.062033058,maximum,14,bare tank,"two treatments- gravel and no gravel in the tank. Gravel shown to be important, so we may want to leave out the bare tank group. Bare tanks are given DQ = 3, and maximum metabolic rate fish given DQ = 3 as well (would only want to use for an upper bound)",Acipenser transmontanus,,1,,,3
Boucher,2018,"The effect of substrate rearing on growth, aerobic scope and
physiology of larval white sturgeon Acipenser transmontanus",0.029555556,77.10743802,0.077107438,maximum,14,bare tank,"two treatments- gravel and no gravel in the tank. Gravel shown to be important, so we may want to leave out the bare tank group. Bare tanks are given DQ = 3, and maximum metabolic rate fish given DQ = 3 as well (would only want to use for an upper bound)",Acipenser transmontanus,,1,,,3
Boucher,2018,"The effect of substrate rearing on growth, aerobic scope and
physiology of larval white sturgeon Acipenser transmontanus",0.030043011,78.89256198,0.078892562,maximum,14,bare tank,"two treatments- gravel and no gravel in the tank. Gravel shown to be important, so we may want to leave out the bare tank group. Bare tanks are given DQ = 3, and maximum metabolic rate fish given DQ = 3 as well (would only want to use for an upper bound)",Acipenser transmontanus,,1,,,3
Boucher,2018,"The effect of substrate rearing on growth, aerobic scope and
physiology of larval white sturgeon Acipenser transmontanus",0.030774194,76.80991736,0.076809917,maximum,14,bare tank,"two treatments- gravel and no gravel in the tank. Gravel shown to be important, so we may want to leave out the bare tank group. Bare tanks are given DQ = 3, and maximum metabolic rate fish given DQ = 3 as well (would only want to use for an upper bound)",Acipenser transmontanus,,1,,,3
Boucher,2018,"The effect of substrate rearing on growth, aerobic scope and
physiology of larval white sturgeon Acipenser transmontanus",0.031763441,80.08264463,0.080082645,maximum,14,bare tank,"two treatments- gravel and no gravel in the tank. Gravel shown to be important, so we may want to leave out the bare tank group. Bare tanks are given DQ = 3, and maximum metabolic rate fish given DQ = 3 as well (would only want to use for an upper bound)",Acipenser transmontanus,,1,,,3
Boucher,2018,"The effect of substrate rearing on growth, aerobic scope and
physiology of larval white sturgeon Acipenser transmontanus",0.03325448,79.58677686,0.079586777,maximum,14,bare tank,"two treatments- gravel and no gravel in the tank. Gravel shown to be important, so we may want to leave out the bare tank group. Bare tanks are given DQ = 3, and maximum metabolic rate fish given DQ = 3 as well (would only want to use for an upper bound)",Acipenser transmontanus,,1,,,3
Boucher,2018,"The effect of substrate rearing on growth, aerobic scope and
physiology of larval white sturgeon Acipenser transmontanus",0.028351254,63.12396694,0.063123967,maximum,14,gravel tank,"two treatments- gravel and no gravel in the tank. Gravel shown to be important, so we may want to leave out the bare tank group. Bare tanks are given DQ = 3, and maximum metabolic rate fish given DQ = 3 as well (would only want to use for an upper bound)",Acipenser transmontanus,,1,,,3
Boucher,2018,"The effect of substrate rearing on growth, aerobic scope and
physiology of larval white sturgeon Acipenser transmontanus",0.030458781,66.59504132,0.066595041,maximum,14,gravel tank,"two treatments- gravel and no gravel in the tank. Gravel shown to be important, so we may want to leave out the bare tank group. Bare tanks are given DQ = 3, and maximum metabolic rate fish given DQ = 3 as well (would only want to use for an upper bound)",Acipenser transmontanus,,1,,,3
Boucher,2018,"The effect of substrate rearing on growth, aerobic scope and
physiology of larval white sturgeon Acipenser transmontanus",0.029942652,67.98347107,0.067983471,maximum,14,gravel tank,"two treatments- gravel and no gravel in the tank. Gravel shown to be important, so we may want to leave out the bare tank group. Bare tanks are given DQ = 3, and maximum metabolic rate fish given DQ = 3 as well (would only want to use for an upper bound)",Acipenser transmontanus,,1,,,3
Boucher,2018,"The effect of substrate rearing on growth, aerobic scope and
physiology of larval white sturgeon Acipenser transmontanus",0.028150538,76.11570248,0.076115702,maximum,14,gravel tank,"two treatments- gravel and no gravel in the tank. Gravel shown to be important, so we may want to leave out the bare tank group. Bare tanks are given DQ = 3, and maximum metabolic rate fish given DQ = 3 as well (would only want to use for an upper bound)",Acipenser transmontanus,,1,,,3
Boucher,2018,"The effect of substrate rearing on growth, aerobic scope and
physiology of larval white sturgeon Acipenser transmontanus",0.028853047,74.33057851,0.074330579,maximum,14,gravel tank,"two treatments- gravel and no gravel in the tank. Gravel shown to be important, so we may want to leave out the bare tank group. Bare tanks are given DQ = 3, and maximum metabolic rate fish given DQ = 3 as well (would only want to use for an upper bound)",Acipenser transmontanus,,1,,,3
Boucher,2018,"The effect of substrate rearing on growth, aerobic scope and
physiology of larval white sturgeon Acipenser transmontanus",0.029139785,76.31404959,0.07631405,maximum,14,gravel tank,"two treatments- gravel and no gravel in the tank. Gravel shown to be important, so we may want to leave out the bare tank group. Bare tanks are given DQ = 3, and maximum metabolic rate fish given DQ = 3 as well (would only want to use for an upper bound)",Acipenser transmontanus,,1,,,3
Boucher,2018,"The effect of substrate rearing on growth, aerobic scope and
physiology of larval white sturgeon Acipenser transmontanus",0.030673835,73.63636364,0.073636364,maximum,14,gravel tank,"two treatments- gravel and no gravel in the tank. Gravel shown to be important, so we may want to leave out the bare tank group. Bare tanks are given DQ = 3, and maximum metabolic rate fish given DQ = 3 as well (would only want to use for an upper bound)",Acipenser transmontanus,,1,,,3
Boucher,2018,"The effect of substrate rearing on growth, aerobic scope and
physiology of larval white sturgeon Acipenser transmontanus",0.030344086,79.2892562,0.079289256,maximum,14,gravel tank,"two treatments- gravel and no gravel in the tank. Gravel shown to be important, so we may want to leave out the bare tank group. Bare tanks are given DQ = 3, and maximum metabolic rate fish given DQ = 3 as well (would only want to use for an upper bound)",Acipenser transmontanus,,1,,,3
Boucher,2018,"The effect of substrate rearing on growth, aerobic scope and
physiology of larval white sturgeon Acipenser transmontanus",0.030573477,79.09090909,0.079090909,maximum,14,gravel tank,"two treatments- gravel and no gravel in the tank. Gravel shown to be important, so we may want to leave out the bare tank group. Bare tanks are given DQ = 3, and maximum metabolic rate fish given DQ = 3 as well (would only want to use for an upper bound)",Acipenser transmontanus,,1,,,3
Boucher,2018,"The effect of substrate rearing on growth, aerobic scope and
physiology of larval white sturgeon Acipenser transmontanus",0.030960573,79.48760331,0.079487603,maximum,14,gravel tank,"two treatments- gravel and no gravel in the tank. Gravel shown to be important, so we may want to leave out the bare tank group. Bare tanks are given DQ = 3, and maximum metabolic rate fish given DQ = 3 as well (would only want to use for an upper bound)",Acipenser transmontanus,,1,,,3
Boucher,2018,"The effect of substrate rearing on growth, aerobic scope and
physiology of larval white sturgeon Acipenser transmontanus",0.030874552,81.07438017,0.08107438,maximum,14,gravel tank,"two treatments- gravel and no gravel in the tank. Gravel shown to be important, so we may want to leave out the bare tank group. Bare tanks are given DQ = 3, and maximum metabolic rate fish given DQ = 3 as well (would only want to use for an upper bound)",Acipenser transmontanus,,1,,,3
Boucher,2018,"The effect of substrate rearing on growth, aerobic scope and
physiology of larval white sturgeon Acipenser transmontanus",0.032164875,78.99173554,0.078991736,maximum,14,gravel tank,"two treatments- gravel and no gravel in the tank. Gravel shown to be important, so we may want to leave out the bare tank group. Bare tanks are given DQ = 3, and maximum metabolic rate fish given DQ = 3 as well (would only want to use for an upper bound)",Acipenser transmontanus,,1,,,3
Boucher,2018,"The effect of substrate rearing on growth, aerobic scope and
physiology of larval white sturgeon Acipenser transmontanus",0.0330681,78.39669421,0.078396694,maximum,14,gravel tank,"two treatments- gravel and no gravel in the tank. Gravel shown to be important, so we may want to leave out the bare tank group. Bare tanks are given DQ = 3, and maximum metabolic rate fish given DQ = 3 as well (would only want to use for an upper bound)",Acipenser transmontanus,,1,,,3
Boucher,2018,"The effect of substrate rearing on growth, aerobic scope and
physiology of larval white sturgeon Acipenser transmontanus",0.033354839,81.8677686,0.081867769,maximum,14,gravel tank,"two treatments- gravel and no gravel in the tank. Gravel shown to be important, so we may want to leave out the bare tank group. Bare tanks are given DQ = 3, and maximum metabolic rate fish given DQ = 3 as well (would only want to use for an upper bound)",Acipenser transmontanus,,1,,,3
Boucher,2018,"The effect of substrate rearing on growth, aerobic scope and
physiology of larval white sturgeon Acipenser transmontanus",0.032853047,83.3553719,0.083355372,maximum,14,gravel tank,"two treatments- gravel and no gravel in the tank. Gravel shown to be important, so we may want to leave out the bare tank group. Bare tanks are given DQ = 3, and maximum metabolic rate fish given DQ = 3 as well (would only want to use for an upper bound)",Acipenser transmontanus,,1,,,3
Boucher,2018,"The effect of substrate rearing on growth, aerobic scope and
physiology of larval white sturgeon Acipenser transmontanus",0.032365591,83.55371901,0.083553719,maximum,14,gravel tank,"two treatments- gravel and no gravel in the tank. Gravel shown to be important, so we may want to leave out the bare tank group. Bare tanks are given DQ = 3, and maximum metabolic rate fish given DQ = 3 as well (would only want to use for an upper bound)",Acipenser transmontanus,,1,,,3
Boucher,2018,"The effect of substrate rearing on growth, aerobic scope and
physiology of larval white sturgeon Acipenser transmontanus",0.03246595,83.05785124,0.083057851,maximum,14,gravel tank,"two treatments- gravel and no gravel in the tank. Gravel shown to be important, so we may want to leave out the bare tank group. Bare tanks are given DQ = 3, and maximum metabolic rate fish given DQ = 3 as well (would only want to use for an upper bound)",Acipenser transmontanus,,1,,,3
Boucher,2018,"The effect of substrate rearing on growth, aerobic scope and
physiology of larval white sturgeon Acipenser transmontanus",0.032064516,85.23966942,0.085239669,maximum,14,gravel tank,"two treatments- gravel and no gravel in the tank. Gravel shown to be important, so we may want to leave out the bare tank group. Bare tanks are given DQ = 3, and maximum metabolic rate fish given DQ = 3 as well (would only want to use for an upper bound)",Acipenser transmontanus,,1,,,3
Boucher,2018,"The effect of substrate rearing on growth, aerobic scope and
physiology of larval white sturgeon Acipenser transmontanus",0.034659498,84.24793388,0.084247934,maximum,14,gravel tank,"two treatments- gravel and no gravel in the tank. Gravel shown to be important, so we may want to leave out the bare tank group. Bare tanks are given DQ = 3, and maximum metabolic rate fish given DQ = 3 as well (would only want to use for an upper bound)",Acipenser transmontanus,,1,,,3
Boucher,2018,"The effect of substrate rearing on growth, aerobic scope and
physiology of larval white sturgeon Acipenser transmontanus",0.033856631,88.21487603,0.088214876,maximum,14,gravel tank,"two treatments- gravel and no gravel in the tank. Gravel shown to be important, so we may want to leave out the bare tank group. Bare tanks are given DQ = 3, and maximum metabolic rate fish given DQ = 3 as well (would only want to use for an upper bound)",Acipenser transmontanus,,1,,,3
Boucher,2018,"The effect of substrate rearing on growth, aerobic scope and
physiology of larval white sturgeon Acipenser transmontanus",0.033369176,88.7107438,0.088710744,maximum,14,gravel tank,"two treatments- gravel and no gravel in the tank. Gravel shown to be important, so we may want to leave out the bare tank group. Bare tanks are given DQ = 3, and maximum metabolic rate fish given DQ = 3 as well (would only want to use for an upper bound)",Acipenser transmontanus,,1,,,3
Boucher,2018,"The effect of substrate rearing on growth, aerobic scope and
physiology of larval white sturgeon Acipenser transmontanus",0.032767025,90.59504132,0.090595041,maximum,14,gravel tank,"two treatments- gravel and no gravel in the tank. Gravel shown to be important, so we may want to leave out the bare tank group. Bare tanks are given DQ = 3, and maximum metabolic rate fish given DQ = 3 as well (would only want to use for an upper bound)",Acipenser transmontanus,,1,,,3
Boucher,2018,"The effect of substrate rearing on growth, aerobic scope and
physiology of larval white sturgeon Acipenser transmontanus",0.032164875,90.09917355,0.090099174,maximum,14,gravel tank,"two treatments- gravel and no gravel in the tank. Gravel shown to be important, so we may want to leave out the bare tank group. Bare tanks are given DQ = 3, and maximum metabolic rate fish given DQ = 3 as well (would only want to use for an upper bound)",Acipenser transmontanus,,1,,,3
Boucher,2018,"The effect of substrate rearing on growth, aerobic scope and
physiology of larval white sturgeon Acipenser transmontanus",0.031863799,89.30578512,0.089305785,maximum,14,gravel tank,"two treatments- gravel and no gravel in the tank. Gravel shown to be important, so we may want to leave out the bare tank group. Bare tanks are given DQ = 3, and maximum metabolic rate fish given DQ = 3 as well (would only want to use for an upper bound)",Acipenser transmontanus,,1,,,3
Boucher,2018,"The effect of substrate rearing on growth, aerobic scope and
physiology of larval white sturgeon Acipenser transmontanus",0.03116129,85.73553719,0.085735537,maximum,14,gravel tank,"two treatments- gravel and no gravel in the tank. Gravel shown to be important, so we may want to leave out the bare tank group. Bare tanks are given DQ = 3, and maximum metabolic rate fish given DQ = 3 as well (would only want to use for an upper bound)",Acipenser transmontanus,,1,,,3
Boucher,2018,"The effect of substrate rearing on growth, aerobic scope and
physiology of larval white sturgeon Acipenser transmontanus",0.030673835,85.53719008,0.08553719,maximum,14,gravel tank,"two treatments- gravel and no gravel in the tank. Gravel shown to be important, so we may want to leave out the bare tank group. Bare tanks are given DQ = 3, and maximum metabolic rate fish given DQ = 3 as well (would only want to use for an upper bound)",Acipenser transmontanus,,1,,,3
Boucher,2018,"The effect of substrate rearing on growth, aerobic scope and
physiology of larval white sturgeon Acipenser transmontanus",0.029856631,86.33057851,0.086330579,maximum,14,gravel tank,"two treatments- gravel and no gravel in the tank. Gravel shown to be important, so we may want to leave out the bare tank group. Bare tanks are given DQ = 3, and maximum metabolic rate fish given DQ = 3 as well (would only want to use for an upper bound)",Acipenser transmontanus,,1,,,3
Boucher,2018,"The effect of substrate rearing on growth, aerobic scope and
physiology of larval white sturgeon Acipenser transmontanus",0.02925448,90.39669421,0.090396694,maximum,14,gravel tank,"two treatments- gravel and no gravel in the tank. Gravel shown to be important, so we may want to leave out the bare tank group. Bare tanks are given DQ = 3, and maximum metabolic rate fish given DQ = 3 as well (would only want to use for an upper bound)",Acipenser transmontanus,,1,,,3
Boucher,2018,"The effect of substrate rearing on growth, aerobic scope and
physiology of larval white sturgeon Acipenser transmontanus",0.030043011,95.3553719,0.095355372,maximum,14,gravel tank,"two treatments- gravel and no gravel in the tank. Gravel shown to be important, so we may want to leave out the bare tank group. Bare tanks are given DQ = 3, and maximum metabolic rate fish given DQ = 3 as well (would only want to use for an upper bound)",Acipenser transmontanus,,1,,,3
Boucher,2018,"The effect of substrate rearing on growth, aerobic scope and
physiology of larval white sturgeon Acipenser transmontanus",0.030243728,94.0661157,0.094066116,maximum,14,gravel tank,"two treatments- gravel and no gravel in the tank. Gravel shown to be important, so we may want to leave out the bare tank group. Bare tanks are given DQ = 3, and maximum metabolic rate fish given DQ = 3 as well (would only want to use for an upper bound)",Acipenser transmontanus,,1,,,3
Boucher,2018,"The effect of substrate rearing on growth, aerobic scope and
physiology of larval white sturgeon Acipenser transmontanus",0.030774194,93.96694215,0.093966942,maximum,14,gravel tank,"two treatments- gravel and no gravel in the tank. Gravel shown to be important, so we may want to leave out the bare tank group. Bare tanks are given DQ = 3, and maximum metabolic rate fish given DQ = 3 as well (would only want to use for an upper bound)",Acipenser transmontanus,,1,,,3
Boucher,2018,"The effect of substrate rearing on growth, aerobic scope and
physiology of larval white sturgeon Acipenser transmontanus",0.031964158,95.75206612,0.095752066,maximum,14,gravel tank,"two treatments- gravel and no gravel in the tank. Gravel shown to be important, so we may want to leave out the bare tank group. Bare tanks are given DQ = 3, and maximum metabolic rate fish given DQ = 3 as well (would only want to use for an upper bound)",Acipenser transmontanus,,1,,,3
Boucher,2018,"The effect of substrate rearing on growth, aerobic scope and
physiology of larval white sturgeon Acipenser transmontanus",0.032566308,103.0909091,0.103090909,maximum,14,gravel tank,"two treatments- gravel and no gravel in the tank. Gravel shown to be important, so we may want to leave out the bare tank group. Bare tanks are given DQ = 3, and maximum metabolic rate fish given DQ = 3 as well (would only want to use for an upper bound)",Acipenser transmontanus,,1,,,3
Boucher,2018,"The effect of substrate rearing on growth, aerobic scope and
physiology of larval white sturgeon Acipenser transmontanus",0.033971326,109.5371901,0.10953719,maximum,14,gravel tank,"two treatments- gravel and no gravel in the tank. Gravel shown to be important, so we may want to leave out the bare tank group. Bare tanks are given DQ = 3, and maximum metabolic rate fish given DQ = 3 as well (would only want to use for an upper bound)",Acipenser transmontanus,,1,,,3
Ruer et al.,1987,"Routine Metabolism of the White Sturgeon,
Acipenser transmontanus: Effect of Population
Density and Hypoxia",1930,,131.3401125,,18,normoxia,,Acipenser transmontanus,,4,mean,3,1
Ruer et al.,1987,"Routine Metabolism of the White Sturgeon,
Acipenser transmontanus: Effect of Population
Density and Hypoxia",1980,,150.2141911,,18,normoxia,,Acipenser transmontanus,,4,mean,5,1
Ruer et al.,1987,"Routine Metabolism of the White Sturgeon,
Acipenser transmontanus: Effect of Population
Density and Hypoxia",1945,,176.6894683,,18,normoxia,,Acipenser transmontanus,,4,mean,7,1
