year,author,jounral,species,river ,run,expSetup,N,length_cm,length_SD,weight_g,weight_SD,Notes,group
2013,Chapman,Environ. Biol. Fish,Chinook,Sac,LF,Field,200,16.5,1.1,46.6,9.75,NA,1
2013,Chapman,Environ. Biol. Fish,Chinook,Sac,LF,Field,304,16.9,1.3,52.6,13.83,NA,1
2013,Chapman,Environ. Biol. Fish,Chinook,Sac,LF,Field,300,15.2,0.8,38.9,7.88,NA,1
2013,Chapman,Environ. Biol. Fish,Chinook,Sac,LF,Field,306,15.2,1,39.3,8.83,NA,1
2012,Michel,Environ. Biol. Fish,Chinook,Sac,LF,Field,200,16.46,1.13137085,46.6,9.899494937,NA,2
2012,Michel,Environ. Biol. Fish,Chinook,Sac,LF,Field,304,16.87,1.394847662,52.6,13.94847662,NA,2
2012,Michel,Environ. Biol. Fish,Chinook,Sac,LF,Field,300,15.21,0.866025404,38.9,8.660254038,NA,2
2006,Van Eenennaam,TAFS,green sturgeon,Klamath,NDSP,Field,1,142.0343904,NA,22089.90536,NA,Figure 1,3
2006,Van Eenennaam,TAFS,green sturgeon,Klamath,NDSP,Field,1,144.0844127,NA,24077.28707,NA,Figure 1,3
2006,Van Eenennaam,TAFS,green sturgeon,Klamath,NDSP,Field,1,145.0491291,NA,24850.15773,NA,Figure 1,3
2006,Van Eenennaam,TAFS,green sturgeon,Klamath,NDSP,Field,1,145.0089326,NA,25899.05363,NA,Figure 1,3
2006,Van Eenennaam,TAFS,green sturgeon,Klamath,NDSP,Field,1,145.0089326,NA,22365.9306,NA,Figure 1,3
2006,Van Eenennaam,TAFS,green sturgeon,Klamath,NDSP,Field,1,146.054042,NA,18667.19243,NA,Figure 1,3
2006,Van Eenennaam,TAFS,green sturgeon,Klamath,NDSP,Field,1,147.9834748,NA,21427.44479,NA,Figure 1,3
2006,Van Eenennaam,TAFS,green sturgeon,Klamath,NDSP,Field,1,148.9079946,NA,22145.11041,NA,Figure 1,3
2006,Van Eenennaam,TAFS,green sturgeon,Klamath,NDSP,Field,1,149.0285842,NA,23194.00631,NA,Figure 1,3
2006,Van Eenennaam,TAFS,green sturgeon,Klamath,NDSP,Field,1,147.300134,NA,24463.7224,NA,Figure 1,3
2006,Van Eenennaam,TAFS,green sturgeon,Klamath,NDSP,Field,1,150.4756588,NA,21979.49527,NA,Figure 1,3
2006,Van Eenennaam,TAFS,green sturgeon,Klamath,NDSP,Field,1,149.872711,NA,26340.69401,NA,Figure 1,3
2006,Van Eenennaam,TAFS,green sturgeon,Klamath,NDSP,Field,1,151.03841,NA,27058.35962,NA,Figure 1,3
2006,Van Eenennaam,TAFS,green sturgeon,Klamath,NDSP,Field,1,152.0031264,NA,27720.82019,NA,Figure 1,3
2006,Van Eenennaam,TAFS,green sturgeon,Klamath,NDSP,Field,1,150.9178205,NA,25291.79811,NA,Figure 1,3
2006,Van Eenennaam,TAFS,green sturgeon,Klamath,NDSP,Field,1,153.0080393,NA,24077.28707,NA,Figure 1,3
2006,Van Eenennaam,TAFS,green sturgeon,Klamath,NDSP,Field,1,154.0531487,NA,22531.54574,NA,Figure 1,3
2006,Van Eenennaam,TAFS,green sturgeon,Klamath,NDSP,Field,1,152.0031264,NA,25733.43849,NA,Figure 1,3
2006,Van Eenennaam,TAFS,green sturgeon,Klamath,NDSP,Field,1,154.0129522,NA,26837.53943,NA,Figure 1,3
2006,Van Eenennaam,TAFS,green sturgeon,Klamath,NDSP,Field,1,152.9678428,NA,28714.51104,NA,Figure 1,3
2006,Van Eenennaam,TAFS,green sturgeon,Klamath,NDSP,Field,1,154.1737383,NA,29487.3817,NA,Figure 1,3
2006,Van Eenennaam,TAFS,green sturgeon,Klamath,NDSP,Field,1,156.022778,NA,26947.94953,NA,Figure 1,3
2006,Van Eenennaam,TAFS,green sturgeon,Klamath,NDSP,Field,1,157.0678874,NA,23083.59621,NA,Figure 1,3
2006,Van Eenennaam,TAFS,green sturgeon,Klamath,NDSP,Field,1,156.4247432,NA,22862.77603,NA,Figure 1,3
2006,Van Eenennaam,TAFS,green sturgeon,Klamath,NDSP,Field,1,154.0129522,NA,31585.1735,NA,Figure 1,3
2006,Van Eenennaam,TAFS,green sturgeon,Klamath,NDSP,Field,1,156.8267084,NA,31585.1735,NA,Figure 1,3
2006,Van Eenennaam,TAFS,green sturgeon,Klamath,NDSP,Field,1,158.0326038,NA,31364.35331,NA,Figure 1,3
2006,Van Eenennaam,TAFS,green sturgeon,Klamath,NDSP,Field,1,158.9973202,NA,30039.43218,NA,Figure 1,3
2006,Van Eenennaam,TAFS,green sturgeon,Klamath,NDSP,Field,1,158.9973202,NA,33903.78549,NA,Figure 1,3
2006,Van Eenennaam,TAFS,green sturgeon,Klamath,NDSP,Field,1,160.0424297,NA,28935.33123,NA,Figure 1,3
2006,Van Eenennaam,TAFS,green sturgeon,Klamath,NDSP,Field,1,161.2483251,NA,25623.02839,NA,Figure 1,3
2006,Van Eenennaam,TAFS,green sturgeon,Klamath,NDSP,Field,1,160.1228227,NA,27831.23028,NA,Figure 1,3
2006,Van Eenennaam,TAFS,green sturgeon,Klamath,NDSP,Field,1,159.2384993,NA,27720.82019,NA,Figure 1,3
2006,Van Eenennaam,TAFS,green sturgeon,Klamath,NDSP,Field,1,160.926753,NA,27720.82019,NA,Figure 1,3
2006,Van Eenennaam,TAFS,green sturgeon,Klamath,NDSP,Field,1,163.0169719,NA,28493.69085,NA,Figure 1,3
2006,Van Eenennaam,TAFS,green sturgeon,Klamath,NDSP,Field,1,160.926753,NA,33572.55521,NA,Figure 1,3
2006,Van Eenennaam,TAFS,green sturgeon,Klamath,NDSP,Field,1,161.4091112,NA,32247.63407,NA,Figure 1,3
2006,Van Eenennaam,TAFS,green sturgeon,Klamath,NDSP,Field,1,162.0522555,NA,34014.19558,NA,Figure 1,3
2006,Van Eenennaam,TAFS,green sturgeon,Klamath,NDSP,Field,1,165.1071907,NA,28935.33123,NA,Figure 1,3
2006,Van Eenennaam,TAFS,green sturgeon,Klamath,NDSP,Field,1,163.9816883,NA,30260.25237,NA,Figure 1,3
2006,Van Eenennaam,TAFS,green sturgeon,Klamath,NDSP,Field,1,163.9012952,NA,31253.94322,NA,Figure 1,3
2006,Van Eenennaam,TAFS,green sturgeon,Klamath,NDSP,Field,1,164.1424743,NA,33130.91483,NA,Figure 1,3
2006,Van Eenennaam,TAFS,green sturgeon,Klamath,NDSP,Field,1,164.2228674,NA,36001.57729,NA,Figure 1,3
2006,Van Eenennaam,TAFS,green sturgeon,Klamath,NDSP,Field,1,161.8914694,NA,38651.41956,NA,Figure 1,3
2006,Van Eenennaam,TAFS,green sturgeon,Klamath,NDSP,Field,1,162.0522555,NA,37768.1388,NA,Figure 1,3
2006,Van Eenennaam,TAFS,green sturgeon,Klamath,NDSP,Field,1,163.9816883,NA,39424.29022,NA,Figure 1,3
2006,Van Eenennaam,TAFS,green sturgeon,Klamath,NDSP,Field,1,163.9816883,NA,38209.77918,NA,Figure 1,3
2006,Van Eenennaam,TAFS,green sturgeon,Klamath,NDSP,Field,1,166.0719071,NA,37878.5489,NA,Figure 1,3
2006,Van Eenennaam,TAFS,green sturgeon,Klamath,NDSP,Field,1,165.911121,NA,34124.60568,NA,Figure 1,3
2006,Van Eenennaam,TAFS,green sturgeon,Klamath,NDSP,Field,1,165.911121,NA,31033.12303,NA,Figure 1,3
2006,Van Eenennaam,TAFS,green sturgeon,Klamath,NDSP,Field,1,167.0366235,NA,30039.43218,NA,Figure 1,3
2006,Van Eenennaam,TAFS,green sturgeon,Klamath,NDSP,Field,1,167.0366235,NA,32358.04416,NA,Figure 1,3
2006,Van Eenennaam,TAFS,green sturgeon,Klamath,NDSP,Field,1,166.7150514,NA,34235.01577,NA,Figure 1,3
2006,Van Eenennaam,TAFS,green sturgeon,Klamath,NDSP,Field,1,166.8758374,NA,36884.85804,NA,Figure 1,3
2006,Van Eenennaam,TAFS,green sturgeon,Klamath,NDSP,Field,1,169.0464493,NA,32578.86435,NA,Figure 1,3
2006,Van Eenennaam,TAFS,green sturgeon,Klamath,NDSP,Field,1,170.1719518,NA,30481.07256,NA,Figure 1,3
2006,Van Eenennaam,TAFS,green sturgeon,Klamath,NDSP,Field,1,170.0111657,NA,34345.42587,NA,Figure 1,3
2006,Van Eenennaam,TAFS,green sturgeon,Klamath,NDSP,Field,1,170.0111657,NA,34897.47634,NA,Figure 1,3
2006,Van Eenennaam,TAFS,green sturgeon,Klamath,NDSP,Field,1,168.7248772,NA,36884.85804,NA,Figure 1,3
2006,Van Eenennaam,TAFS,green sturgeon,Klamath,NDSP,Field,1,172.1817776,NA,34014.19558,NA,Figure 1,3
2006,Van Eenennaam,TAFS,green sturgeon,Klamath,NDSP,Field,1,171.0562751,NA,41190.85174,NA,Figure 1,3
2006,Van Eenennaam,TAFS,green sturgeon,Klamath,NDSP,Field,1,171.0562751,NA,40970.03155,NA,Figure 1,3
2006,Van Eenennaam,TAFS,green sturgeon,Klamath,NDSP,Field,1,170.0915587,NA,40528.39117,NA,Figure 1,3
2006,Van Eenennaam,TAFS,green sturgeon,Klamath,NDSP,Field,1,169.7699866,NA,40970.03155,NA,Figure 1,3
2006,Van Eenennaam,TAFS,green sturgeon,Klamath,NDSP,Field,1,169.0464493,NA,41742.90221,NA,Figure 1,3
2006,Van Eenennaam,TAFS,green sturgeon,Klamath,NDSP,Field,1,169.1268423,NA,44061.5142,NA,Figure 1,3
2006,Van Eenennaam,TAFS,green sturgeon,Klamath,NDSP,Field,1,171.2170612,NA,42074.13249,NA,Figure 1,3
2006,Van Eenennaam,TAFS,green sturgeon,Klamath,NDSP,Field,1,171.3778473,NA,37878.5489,NA,Figure 1,3
2006,Van Eenennaam,TAFS,green sturgeon,Klamath,NDSP,Field,1,169.9307727,NA,38430.59937,NA,Figure 1,3
2006,Van Eenennaam,TAFS,green sturgeon,Klamath,NDSP,Field,1,171.6994194,NA,38430.59937,NA,Figure 1,3
2006,Van Eenennaam,TAFS,green sturgeon,Klamath,NDSP,Field,1,172.9857079,NA,36222.39748,NA,Figure 1,3
2006,Van Eenennaam,TAFS,green sturgeon,Klamath,NDSP,Field,1,175.3171059,NA,34235.01577,NA,Figure 1,3
2006,Van Eenennaam,TAFS,green sturgeon,Klamath,NDSP,Field,1,174.9151407,NA,36111.98738,NA,Figure 1,3
2006,Van Eenennaam,TAFS,green sturgeon,Klamath,NDSP,Field,1,175.9602501,NA,37878.5489,NA,Figure 1,3
2006,Van Eenennaam,TAFS,green sturgeon,Klamath,NDSP,Field,1,176.6033944,NA,36001.57729,NA,Figure 1,3
2006,Van Eenennaam,TAFS,green sturgeon,Klamath,NDSP,Field,1,175.4778919,NA,38982.64984,NA,Figure 1,3
2006,Van Eenennaam,TAFS,green sturgeon,Klamath,NDSP,Field,1,173.9504243,NA,40307.57098,NA,Figure 1,3
2006,Van Eenennaam,TAFS,green sturgeon,Klamath,NDSP,Field,1,173.146494,NA,42681.38801,NA,Figure 1,3
2006,Van Eenennaam,TAFS,green sturgeon,Klamath,NDSP,Field,1,174.9151407,NA,40638.80126,NA,Figure 1,3
2006,Van Eenennaam,TAFS,green sturgeon,Klamath,NDSP,Field,1,176.0406431,NA,40859.62145,NA,Figure 1,3
2006,Van Eenennaam,TAFS,green sturgeon,Klamath,NDSP,Field,1,176.0406431,NA,43840.69401,NA,Figure 1,3
2006,Van Eenennaam,TAFS,green sturgeon,Klamath,NDSP,Field,1,177.9700759,NA,41522.08202,NA,Figure 1,3
2006,Van Eenennaam,TAFS,green sturgeon,Klamath,NDSP,Field,1,179.8191157,NA,37878.5489,NA,Figure 1,3
2006,Van Eenennaam,TAFS,green sturgeon,Klamath,NDSP,Field,1,176.6033944,NA,41522.08202,NA,Figure 1,3
2006,Van Eenennaam,TAFS,green sturgeon,Klamath,NDSP,Field,1,178.9347923,NA,43288.64353,NA,Figure 1,3
2006,Van Eenennaam,TAFS,green sturgeon,Klamath,NDSP,Field,1,179.8191157,NA,41632.49211,NA,Figure 1,3
2006,Van Eenennaam,TAFS,green sturgeon,Klamath,NDSP,Field,1,181.1054042,NA,39093.05994,NA,Figure 1,3
2006,Van Eenennaam,TAFS,green sturgeon,Klamath,NDSP,Field,1,180.0602948,NA,45165.61514,NA,Figure 1,3
2006,Van Eenennaam,TAFS,green sturgeon,Klamath,NDSP,Field,1,174.9955337,NA,50465.29968,NA,Figure 1,3
2006,Van Eenennaam,TAFS,green sturgeon,Klamath,NDSP,Field,1,176.1210362,NA,49029.96845,NA,Figure 1,3
2006,Van Eenennaam,TAFS,green sturgeon,Klamath,NDSP,Field,1,179.4171505,NA,47484.22713,NA,Figure 1,3
2006,Van Eenennaam,TAFS,green sturgeon,Klamath,NDSP,Field,1,179.8995087,NA,47484.22713,NA,Figure 1,3
2006,Van Eenennaam,TAFS,green sturgeon,Klamath,NDSP,Field,1,181.9897276,NA,42626.18297,NA,Figure 1,3
2006,Van Eenennaam,TAFS,green sturgeon,Klamath,NDSP,Field,1,181.9897276,NA,42074.13249,NA,Figure 1,3
2006,Van Eenennaam,TAFS,green sturgeon,Klamath,NDSP,Field,1,183.8387673,NA,43951.1041,NA,Figure 1,3
2006,Van Eenennaam,TAFS,green sturgeon,Klamath,NDSP,Field,1,182.9544439,NA,45717.66562,NA,Figure 1,3
2006,Van Eenennaam,TAFS,green sturgeon,Klamath,NDSP,Field,1,179.0955784,NA,52342.27129,NA,Figure 1,3
2006,Van Eenennaam,TAFS,green sturgeon,Klamath,NDSP,Field,1,182.2309067,NA,48919.55836,NA,Figure 1,3
2006,Van Eenennaam,TAFS,green sturgeon,Klamath,NDSP,Field,1,182.1505136,NA,50134.0694,NA,Figure 1,3
2006,Van Eenennaam,TAFS,green sturgeon,Klamath,NDSP,Field,1,182.9544439,NA,50134.0694,NA,Figure 1,3
2006,Van Eenennaam,TAFS,green sturgeon,Klamath,NDSP,Field,1,183.9995534,NA,50134.0694,NA,Figure 1,3
2006,Van Eenennaam,TAFS,green sturgeon,Klamath,NDSP,Field,1,184.8838767,NA,50796.52997,NA,Figure 1,3
2006,Van Eenennaam,TAFS,green sturgeon,Klamath,NDSP,Field,1,184.8838767,NA,48146.6877,NA,Figure 1,3
2006,Van Eenennaam,TAFS,green sturgeon,Klamath,NDSP,Field,1,184.8838767,NA,47263.40694,NA,Figure 1,3
2006,Van Eenennaam,TAFS,green sturgeon,Klamath,NDSP,Field,1,187.2956677,NA,47042.58675,NA,Figure 1,3
2006,Van Eenennaam,TAFS,green sturgeon,Klamath,NDSP,Field,1,185.9289862,NA,48919.55836,NA,Figure 1,3
2006,Van Eenennaam,TAFS,green sturgeon,Klamath,NDSP,Field,1,182.9544439,NA,56758.67508,NA,Figure 1,3
2006,Van Eenennaam,TAFS,green sturgeon,Klamath,NDSP,Field,1,186.8937025,NA,53446.37224,NA,Figure 1,3
2006,Van Eenennaam,TAFS,green sturgeon,Klamath,NDSP,Field,1,189.1447075,NA,44613.56467,NA,Figure 1,3
2006,Van Eenennaam,TAFS,green sturgeon,Klamath,NDSP,Field,1,191.0741402,NA,43619.87382,NA,Figure 1,3
2006,Van Eenennaam,TAFS,green sturgeon,Klamath,NDSP,Field,1,223.0705672,NA,72657.72871,NA,Figure 1,3
2006,Van Eenennaam,TAFS,green sturgeon,Klamath,NDSP,Field,1,203.1330951,NA,62941.64038,NA,Figure 1,3
2006,Van Eenennaam,TAFS,green sturgeon,Klamath,NDSP,Field,1,201.2840554,NA,59077.28707,NA,Figure 1,3
2006,Van Eenennaam,TAFS,green sturgeon,Klamath,NDSP,Field,1,193.003573,NA,59850.15773,NA,Figure 1,3
2006,Van Eenennaam,TAFS,green sturgeon,Klamath,NDSP,Field,1,190.7525681,NA,57862.77603,NA,Figure 1,3
2006,Van Eenennaam,TAFS,green sturgeon,Klamath,NDSP,Field,1,191.0741402,NA,54550.47319,NA,Figure 1,3
2006,Van Eenennaam,TAFS,green sturgeon,Klamath,NDSP,Field,1,191.0741402,NA,53225.55205,NA,Figure 1,3
2006,Van Eenennaam,TAFS,green sturgeon,Klamath,NDSP,Field,1,192.2800357,NA,54771.29338,NA,Figure 1,3
2006,Van Eenennaam,TAFS,green sturgeon,Klamath,NDSP,Field,1,192.1996427,NA,50134.0694,NA,Figure 1,3
2006,Van Eenennaam,TAFS,green sturgeon,Klamath,NDSP,Field,1,194.9330058,NA,52011.04101,NA,Figure 1,3
2006,Van Eenennaam,TAFS,green sturgeon,Klamath,NDSP,Field,1,196.1389013,NA,53777.60252,NA,Figure 1,3
2006,Van Eenennaam,TAFS,green sturgeon,Klamath,NDSP,Field,1,196.0585083,NA,54329.653,NA,Figure 1,3
2006,Van Eenennaam,TAFS,green sturgeon,Klamath,NDSP,Field,1,195.0937919,NA,58304.4164,NA,Figure 1,3
2006,Van Eenennaam,TAFS,green sturgeon,Klamath,NDSP,Field,1,197.987941,NA,55433.75394,NA,Figure 1,3
2006,Van Eenennaam,TAFS,green sturgeon,Klamath,NDSP,Field,1,199.1134435,NA,54329.653,NA,Figure 1,3
2006,Van Eenennaam,TAFS,green sturgeon,Klamath,NDSP,Field,1,197.1036177,NA,52121.4511,NA,Figure 1,3
2006,Van Eenennaam,TAFS,green sturgeon,Klamath,NDSP,Field,1,194.9330058,NA,49913.24921,NA,Figure 1,3
ND,Gruber,Shared Data,green sturgeon,Sac,SDPS,Field,1,6.7,NA,4.3,NA,Raw data,3
ND,Gruber,Shared Data,green sturgeon,Sac,SDPS,Field,1,17.4,NA,32.1,,Raw data,3
ND,Gruber,Shared Data,green sturgeon,Sac,SDPS,Field,1,18.5,NA,35.5,,Raw data,3
ND,Gruber,Shared Data,green sturgeon,Sac,SDPS,Field,1,19.4,NA,45.7,,Raw data,3
ND,Gruber,Shared Data,green sturgeon,Sac,SDPS,Field,1,7.6,NA,3.5,,Raw data,3
ND,Gruber,Shared Data,green sturgeon,Sac,SDPS,Field,1,6.7,NA,2.38,,Raw data,3
ND,Gruber,Shared Data,green sturgeon,Sac,SDPS,Field,1,8.3,NA,3.9,,Raw data,3
ND,Gruber,Shared Data,green sturgeon,Sac,SDPS,Field,1,10,NA,6.2,,Raw data,3
ND,Gruber,Shared Data,green sturgeon,Sac,SDPS,Field,1,14.4,NA,18.8,,Raw data,3
ND,Gruber,Shared Data,green sturgeon,Sac,SDPS,Field,1,19.5,NA,45.5,,Raw data,3
ND,Gruber,Shared Data,green sturgeon,Sac,SDPS,Field,1,9.4,NA,6.2,,Raw data,3
ND,Gruber,Shared Data,green sturgeon,Sac,SDPS,Field,1,13.8,NA,16.8,,Raw data,3
ND,Gruber,Shared Data,green sturgeon,Sac,SDPS,Field,1,11,NA,8.3,,Raw data,3
ND,Gruber,Shared Data,green sturgeon,Sac,SDPS,Field,1,19.4,NA,44.1,,Raw data,3
ND,Gruber,Shared Data,green sturgeon,Sac,SDPS,Field,1,10.1,NA,7,,Raw data,3
ND,Gruber,Shared Data,green sturgeon,Sac,SDPS,Field,1,9.9,NA,6.3,,Raw data,3
ND,Gruber,Shared Data,green sturgeon,Sac,SDPS,Field,1,19.8,NA,50.5,,Raw data,3
ND,Gruber,Shared Data,green sturgeon,Sac,SDPS,Field,1,21.6,NA,58.2,,Raw data,3
ND,Gruber,Shared Data,green sturgeon,Sac,SDPS,Field,1,23.5,NA,75.3,,Raw data,3
ND,Gruber,Shared Data,green sturgeon,Sac,SDPS,Field,1,19.8,NA,42.5,,Raw data,3
ND,Gruber,Shared Data,green sturgeon,Sac,SDPS,Field,1,21.5,NA,58.5,,Raw data,3
ND,Gruber,Shared Data,green sturgeon,Sac,SDPS,Field,1,19.1,NA,44.4,,Raw data,3
ND,Gruber,Shared Data,green sturgeon,Sac,SDPS,Field,1,27.3,NA,111.9,,Raw data,3
ND,Gruber,Shared Data,green sturgeon,Sac,SDPS,Field,1,21.5,NA,59.1,,Raw data,3
ND,Gruber,Shared Data,green sturgeon,Sac,SDPS,Field,1,22.8,NA,65.5,,Raw data,3
ND,Gruber,Shared Data,green sturgeon,Sac,SDPS,Field,1,21.8,NA,51.2,,Raw data,3
ND,Gruber,Shared Data,green sturgeon,Sac,SDPS,Field,1,23.4,NA,51.1,,Raw data,3
ND,Gruber,Shared Data,green sturgeon,Sac,SDPS,Field,1,13.2,NA,14.9,,Raw data,3
ND,Gruber,Shared Data,green sturgeon,Sac,SDPS,Field,1,28.8,NA,147.8,,Raw data,3
ND,Gruber,Shared Data,green sturgeon,Sac,SDPS,Field,1,27.6,NA,119.5,,Raw data,3
ND,Gruber,Shared Data,green sturgeon,Sac,SDPS,Field,1,28.3,NA,141,,Raw data,3
ND,Gruber,Shared Data,green sturgeon,Sac,SDPS,Field,1,19.8,NA,47.4,,Raw data,3
ND,Gruber,Shared Data,green sturgeon,Sac,SDPS,Field,1,26.3,NA,96.6,,Raw data,3
ND,Gruber,Shared Data,green sturgeon,Sac,SDPS,Field,1,26.2,NA,113.2,,Raw data,3
ND,Gruber,Shared Data,green sturgeon,Sac,SDPS,Field,1,29.9,NA,147.2,,Raw data,3
ND,Gruber,Shared Data,green sturgeon,Sac,SDPS,Field,1,27.4,NA,113.1,,Raw data,3
ND,Gruber,Shared Data,green sturgeon,Sac,SDPS,Field,1,24.3,NA,81,,Raw data,3
ND,Gruber,Shared Data,green sturgeon,Sac,SDPS,Field,1,25.3,NA,100.8,,Raw data,3
ND,Gruber,Shared Data,green sturgeon,Sac,SDPS,Field,1,26.5,NA,112.7,,Raw data,3
ND,Gruber,Shared Data,green sturgeon,Sac,SDPS,Field,1,27.6,NA,120,,Raw data,3
ND,Gruber,Shared Data,green sturgeon,Sac,SDPS,Field,1,31.6,NA,152.6,,Raw data,3
ND,Gruber,Shared Data,green sturgeon,Sac,SDPS,Field,1,11.5,NA,9.8,,Raw data,3
ND,Gruber,Shared Data,green sturgeon,Sac,SDPS,Field,1,15.3,NA,21.3,,Raw data,3
ND,Gruber,Shared Data,green sturgeon,Sac,SDPS,Field,1,15,NA,20.1,,Raw data,3
ND,Gruber,Shared Data,green sturgeon,Sac,SDPS,Field,1,13.3,NA,14.2,,Raw data,3
ND,Gruber,Shared Data,green sturgeon,Sac,SDPS,Field,1,14.8,NA,19.2,,Raw data,3
ND,Gruber,Shared Data,green sturgeon,Sac,SDPS,Field,1,26.2,NA,96.2,,Raw data,3
ND,Gruber,Shared Data,green sturgeon,Sac,SDPS,Field,1,19.4,NA,45.5,,Raw data,3
ND,Gruber,Shared Data,green sturgeon,Sac,SDPS,Field,1,25.7,NA,105.8,,Raw data,3
ND,Gruber,Shared Data,green sturgeon,Sac,SDPS,Field,1,20.7,NA,54.7,,Raw data,3
ND,Gruber,Shared Data,green sturgeon,Sac,SDPS,Field,1,28,NA,119.5,,Raw data,3
ND,Gruber,Shared Data,green sturgeon,Sac,SDPS,Field,1,23,NA,74,,Raw data,3
ND,Gruber,Shared Data,green sturgeon,Sac,SDPS,Field,1,24.4,NA,84.8,,Raw data,3
ND,Gruber,Shared Data,green sturgeon,Sac,SDPS,Field,1,21.5,NA,59,,Raw data,3
ND,Gruber,Shared Data,green sturgeon,Sac,SDPS,Field,1,24,NA,90.2,,Raw data,3
ND,Gruber,Shared Data,green sturgeon,Sac,SDPS,Field,1,25.2,NA,107,,Raw data,3
ND,Gruber,Shared Data,green sturgeon,Sac,SDPS,Field,1,20.4,NA,53.6,,Raw data,3
ND,Gruber,Shared Data,green sturgeon,Sac,SDPS,Field,1,24.7,NA,96.1,,Raw data,3
ND,Gruber,Shared Data,green sturgeon,Sac,SDPS,Field,1,17.8,NA,33.6,,Raw data,3
ND,Gruber,Shared Data,green sturgeon,Sac,SDPS,Field,1,20.8,NA,49.3,,Raw data,3
ND,Gruber,Shared Data,green sturgeon,Sac,SDPS,Field,1,21.7,NA,65.2,,Raw data,3
ND,Gruber,Shared Data,green sturgeon,Sac,SDPS,Field,1,6.8,NA,2.2,,Raw data,3
ND,Gruber,Shared Data,green sturgeon,Sac,SDPS,Field,1,15,NA,24.8,,Raw data,3
ND,Gruber,Shared Data,green sturgeon,Sac,SDPS,Field,1,8.8,NA,4.9,,Raw data,3
ND,Gruber,Shared Data,green sturgeon,Sac,SDPS,Field,1,20.3,NA,50.7,,Raw data,3
ND,Gruber,Shared Data,green sturgeon,Sac,SDPS,Field,1,12.9,NA,14.7,,Raw data,3
ND,Gruber,Shared Data,green sturgeon,Sac,SDPS,Field,1,22.6,NA,66.8,,Raw data,3
ND,Gruber,Shared Data,green sturgeon,Sac,SDPS,Field,1,14.7,NA,19.7,,Raw data,3
ND,Gruber,Shared Data,green sturgeon,Sac,SDPS,Field,1,9.3,NA,4.9,,Raw data,3
ND,Gruber,Shared Data,green sturgeon,Sac,SDPS,Field,1,10.9,NA,9.7,,Raw data,3
ND,Gruber,Shared Data,green sturgeon,Sac,SDPS,Field,1,17.2,NA,32.3,,Raw data,3
ND,Gruber,Shared Data,green sturgeon,Sac,SDPS,Field,1,14.8,NA,22,,Raw data,3
ND,Gruber,Shared Data,green sturgeon,Sac,SDPS,Field,1,9.5,NA,6.4,,Raw data,3
ND,Gruber,Shared Data,green sturgeon,Sac,SDPS,Field,1,18.7,NA,38.8,,Raw data,3
ND,Gruber,Shared Data,green sturgeon,Sac,SDPS,Field,1,14,NA,17.9,,Raw data,3
ND,Gruber,Shared Data,green sturgeon,Sac,SDPS,Field,1,10.5,NA,7.7,,Raw data,3
ND,Gruber,Shared Data,green sturgeon,Sac,SDPS,Field,1,15,NA,20.7,,Raw data,3
ND,Gruber,Shared Data,green sturgeon,Sac,SDPS,Field,1,13.7,NA,16.2,,Raw data,3
ND,Gruber,Shared Data,green sturgeon,Sac,SDPS,Field,1,16.8,NA,27.6,,Raw data,3
ND,Gruber,Shared Data,green sturgeon,Sac,SDPS,Field,1,12.3,NA,10.1,,Raw data,3
ND,Gruber,Shared Data,green sturgeon,Sac,SDPS,Field,1,16.3,NA,30.9,,Raw data,3
ND,Gruber,Shared Data,green sturgeon,Sac,SDPS,Field,1,14.5,NA,18.5,,Raw data,3
ND,Gruber,Shared Data,green sturgeon,Sac,SDPS,Field,1,14.5,NA,21.4,,Raw data,3
ND,Gruber,Shared Data,green sturgeon,Sac,SDPS,Field,1,13.7,NA,15.5,,Raw data,3
ND,Gruber,Shared Data,green sturgeon,Sac,SDPS,Field,1,10.8,NA,7.8,,Raw data,3
ND,Gruber,Shared Data,green sturgeon,Sac,SDPS,Field,1,16.3,NA,28.9,,Raw data,3
ND,Gruber,Shared Data,green sturgeon,Sac,SDPS,Field,1,14.1,NA,16.4,,Raw data,3
ND,Gruber,Shared Data,green sturgeon,Sac,SDPS,Field,1,11.3,NA,8.9,,Raw data,3
ND,Gruber,Shared Data,green sturgeon,Sac,SDPS,Field,1,14.9,NA,21.8,,Raw data,3
ND,Gruber,Shared Data,green sturgeon,Sac,SDPS,Field,1,10.3,NA,7.6,,Raw data,3
ND,Gruber,Shared Data,green sturgeon,Sac,SDPS,Field,1,8.7,NA,5.4,,Raw data,3
ND,Gruber,Shared Data,green sturgeon,Sac,SDPS,Field,1,13.2,NA,18.1,,Raw data,3
ND,Gruber,Shared Data,green sturgeon,Sac,SDPS,Field,1,17.9,NA,37.2,,Raw data,3
ND,Gruber,Shared Data,green sturgeon,Sac,SDPS,Field,1,21.8,NA,65.3,,Raw data,3
ND,Gruber,Shared Data,green sturgeon,Sac,SDPS,Field,1,16,NA,27.2,,Raw data,3
ND,Gruber,Shared Data,green sturgeon,Sac,SDPS,Field,1,17.9,NA,37.1,,Raw data,3
ND,Gruber,Shared Data,green sturgeon,Sac,SDPS,Field,1,22,NA,66,,Raw data,3
ND,Gruber,Shared Data,green sturgeon,Sac,SDPS,Field,1,13.1,NA,15,,Raw data,3
ND,Gruber,Shared Data,green sturgeon,Sac,SDPS,Field,1,11,NA,9.1,,Raw data,3
ND,Gruber,Shared Data,green sturgeon,Sac,SDPS,Field,1,11.6,NA,10.2,,Raw data,3
ND,Gruber,Shared Data,green sturgeon,Sac,SDPS,Field,1,14,NA,15.4,,Raw data,3
ND,Gruber,Shared Data,green sturgeon,Sac,SDPS,Field,1,8.5,NA,5,,Raw data,3
ND,Gruber,Shared Data,green sturgeon,Sac,SDPS,Field,1,16.7,NA,32.4,,Raw data,3
ND,Gruber,Shared Data,green sturgeon,Sac,SDPS,Field,1,22.2,NA,70.9,,Raw data,3
ND,Gruber,Shared Data,green sturgeon,Sac,SDPS,Field,1,15.7,NA,26.6,,Raw data,3
ND,Gruber,Shared Data,green sturgeon,Sac,SDPS,Field,1,17.5,NA,30.1,,Raw data,3
ND,Gruber,Shared Data,green sturgeon,Sac,SDPS,Field,1,18.3,NA,39.7,,Raw data,3
ND,Gruber,Shared Data,green sturgeon,Sac,SDPS,Field,1,25.6,NA,109,,Raw data,3
ND,Gruber,Shared Data,green sturgeon,Sac,SDPS,Field,1,14.5,NA,16.5,,Raw data,3
ND,Gruber,Shared Data,green sturgeon,Sac,SDPS,Field,1,10,NA,7.7,,Raw data,3
ND,Gruber,Shared Data,green sturgeon,Sac,SDPS,Field,1,17.1,NA,32.2,,Raw data,3
ND,Gruber,Shared Data,green sturgeon,Sac,SDPS,Field,1,22.7,NA,76.4,,Raw data,3
ND,Gruber,Shared Data,green sturgeon,Sac,SDPS,Field,1,29.4,NA,168.9,,Raw data,3
ND,Gruber,Shared Data,green sturgeon,Sac,SDPS,Field,1,26.6,NA,124.6,,Raw data,3
ND,Gruber,Shared Data,green sturgeon,Sac,SDPS,Field,1,23.8,NA,80.8,,Raw data,3
ND,Gruber,Shared Data,green sturgeon,Sac,SDPS,Field,1,27.8,NA,129.1,,Raw data,3
ND,Gruber,Shared Data,green sturgeon,Sac,SDPS,Field,1,26.2,NA,118.7,,Raw data,3
ND,Gruber,Shared Data,green sturgeon,Sac,SDPS,Field,1,18.2,NA,40.8,,Raw data,3
ND,Gruber,Shared Data,green sturgeon,Sac,SDPS,Field,1,14.1,NA,19.3,,Raw data,3
ND,Gruber,Shared Data,green sturgeon,Sac,SDPS,Field,1,15.1,NA,22.2,,Raw data,3
ND,Gruber,Shared Data,green sturgeon,Sac,SDPS,Field,1,17.7,NA,40.9,,Raw data,3
ND,Gruber,Shared Data,green sturgeon,Sac,SDPS,Field,1,17.2,NA,32.1,,Raw data,3
ND,Gruber,Shared Data,green sturgeon,Sac,SDPS,Field,1,19.5,NA,45.2,,Raw data,3
ND,Gruber,Shared Data,green sturgeon,Sac,SDPS,Field,1,19.7,NA,46,,Raw data,3
ND,Gruber,Shared Data,green sturgeon,Sac,SDPS,Field,1,14.2,NA,19.2,,Raw data,3
ND,Gruber,Shared Data,green sturgeon,Sac,SDPS,Field,1,14.3,NA,23.7,,Raw data,3
ND,Gruber,Shared Data,green sturgeon,Sac,SDPS,Field,1,22.5,NA,79.6,,Raw data,3
ND,Gruber,Shared Data,green sturgeon,Sac,SDPS,Field,1,11.1,NA,8.8,,Raw data,3
ND,Gruber,Shared Data,green sturgeon,Sac,SDPS,Field,1,14.7,NA,23.4,,Raw data,3
ND,Gruber,Shared Data,green sturgeon,Sac,SDPS,Field,1,19.3,NA,53.3,,Raw data,3
ND,Gruber,Shared Data,green sturgeon,Sac,SDPS,Field,1,11.1,NA,9.4,,Raw data,3
ND,Gruber,Shared Data,green sturgeon,Sac,SDPS,Field,1,16.4,NA,27.6,,Raw data,3
ND,Gruber,Shared Data,green sturgeon,Sac,SDPS,Field,1,10.9,NA,9.1,,Raw data,3
ND,Gruber,Shared Data,green sturgeon,Sac,SDPS,Field,1,13,NA,15.6,,Raw data,3
ND,Gruber,Shared Data,green sturgeon,Sac,SDPS,Field,1,25,NA,100.2,,Raw data,3
ND,Gruber,Shared Data,green sturgeon,Sac,SDPS,Field,1,17,NA,30.9,,Raw data,3
ND,Gruber,Shared Data,green sturgeon,Sac,SDPS,Field,1,21,NA,58.2,,Raw data,3
ND,Gruber,Shared Data,green sturgeon,Sac,SDPS,Field,1,23.2,NA,77.2,,Raw data,3
ND,Gruber,Shared Data,green sturgeon,Sac,SDPS,Field,1,19.8,NA,47.8,,Raw data,3
ND,Gruber,Shared Data,green sturgeon,Sac,SDPS,Field,1,11.2,NA,11.4,,Raw data,3
ND,Gruber,Shared Data,green sturgeon,Sac,SDPS,Field,1,16.5,NA,29.9,,Raw data,3
ND,Gruber,Shared Data,green sturgeon,Sac,SDPS,Field,1,11.8,NA,11.8,,Raw data,3
ND,Gruber,Shared Data,green sturgeon,Sac,SDPS,Field,1,19.8,NA,56.3,,Raw data,3
ND,Gruber,Shared Data,green sturgeon,Sac,SDPS,Field,1,28.6,NA,134.8,,Raw data,3
ND,Gruber,Shared Data,green sturgeon,Sac,SDPS,Field,1,20.9,NA,56.7,,Raw data,3
ND,Gruber,Shared Data,green sturgeon,Sac,SDPS,Field,1,13,NA,13.7,,Raw data,3
ND,Gruber,Shared Data,green sturgeon,Sac,SDPS,Field,1,27.4,NA,130.5,,Raw data,3
ND,Gruber,Shared Data,green sturgeon,Sac,SDPS,Field,1,16,NA,28.1,,Raw data,3
ND,Gruber,Shared Data,green sturgeon,Sac,SDPS,Field,1,26.4,NA,111.4,,Raw data,3
ND,Gruber,Shared Data,green sturgeon,Sac,SDPS,Field,1,18.3,NA,41.8,,Raw data,3
ND,Gruber,Shared Data,green sturgeon,Sac,SDPS,Field,1,19.2,NA,44.4,,Raw data,3
ND,Gruber,Shared Data,green sturgeon,Sac,SDPS,Field,1,23.2,NA,69.2,,Raw data,3
ND,Gruber,Shared Data,green sturgeon,Sac,SDPS,Field,1,22.1,NA,64.2,,Raw data,3
ND,Gruber,Shared Data,green sturgeon,Sac,SDPS,Field,1,24.3,NA,93.8,,Raw data,3
ND,Gruber,Shared Data,green sturgeon,Sac,SDPS,Field,1,24.5,NA,83.4,,Raw data,3
ND,Gruber,Shared Data,green sturgeon,Sac,SDPS,Field,1,8.3,NA,4.1,,Raw data,3
ND,Gruber,Shared Data,green sturgeon,Sac,SDPS,Field,1,24.3,NA,87.7,,Raw data,3
ND,Gruber,Shared Data,green sturgeon,Sac,SDPS,Field,1,26.9,NA,116.8,,Raw data,3
ND,Gruber,Shared Data,green sturgeon,Sac,SDPS,Field,1,25.2,NA,92.2,,Raw data,3
ND,Gruber,Shared Data,green sturgeon,Sac,SDPS,Field,1,16.4,NA,25.7,,Raw data,3
ND,Gruber,Shared Data,green sturgeon,Sac,SDPS,Field,1,7.5,NA,3.2,,Raw data,3
ND,Gruber,Shared Data,green sturgeon,Sac,SDPS,Field,1,8.8,NA,4.9,,Raw data,3
ND,Gruber,Shared Data,green sturgeon,Sac,SDPS,Field,1,20.1,NA,51.8,,Raw data,3
ND,Gruber,Shared Data,green sturgeon,Sac,SDPS,Field,1,19.9,NA,49.7,,Raw data,3
ND,Gruber,Shared Data,green sturgeon,Sac,SDPS,Field,1,15,NA,20.9,,Raw data,3
ND,Gruber,Shared Data,green sturgeon,Sac,SDPS,Field,1,15.1,NA,19.1,,Raw data,3
ND,Gruber,Shared Data,green sturgeon,Sac,SDPS,Field,1,12.8,NA,12.9,,Raw data,3
ND,Gruber,Shared Data,green sturgeon,Sac,SDPS,Field,1,9.5,NA,6,,Raw data,3
ND,Gruber,Shared Data,green sturgeon,Sac,SDPS,Field,1,21.7,NA,63.3,,Raw data,3
ND,Gruber,Shared Data,green sturgeon,Sac,SDPS,Field,1,18.7,NA,42.3,,Raw data,3
ND,Gruber,Shared Data,green sturgeon,Sac,SDPS,Field,1,20.2,NA,52,,Raw data,3
ND,Gruber,Shared Data,green sturgeon,Sac,SDPS,Field,1,26.6,NA,106,,Raw data,3
ND,Gruber,Shared Data,green sturgeon,Sac,SDPS,Field,1,22.6,NA,55.8,,Raw data,3
ND,Gruber,Shared Data,green sturgeon,Sac,SDPS,Field,1,15.7,NA,25.9,,Raw data,3
ND,Gruber,Shared Data,green sturgeon,Sac,SDPS,Field,1,18.6,NA,39,,Raw data,3
ND,Gruber,Shared Data,green sturgeon,Sac,SDPS,Field,1,13.7,NA,15.9,,Raw data,3
ND,Gruber,Shared Data,green sturgeon,Sac,SDPS,Field,1,18,NA,37.9,,Raw data,3
ND,Gruber,Shared Data,green sturgeon,Sac,SDPS,Field,1,20.9,NA,62.5,,Raw data,3
ND,Gruber,Shared Data,green sturgeon,Sac,SDPS,Field,1,10.2,NA,7.3,,Raw data,3
ND,Gruber,Shared Data,green sturgeon,Sac,SDPS,Field,1,11.7,NA,11.1,,Raw data,3
ND,Gruber,Shared Data,green sturgeon,Sac,SDPS,Field,1,21.1,NA,57.1,,Raw data,3
ND,Gruber,Shared Data,green sturgeon,Sac,SDPS,Field,1,8.1,NA,4.1,,Raw data,3
ND,Gruber,Shared Data,green sturgeon,Sac,SDPS,Field,1,10.6,NA,8.2,,Raw data,3
ND,Gruber,Shared Data,green sturgeon,Sac,SDPS,Field,1,18.9,NA,42.8,,Raw data,3
ND,Gruber,Shared Data,green sturgeon,Sac,SDPS,Field,1,11.1,NA,10.1,,Raw data,3
ND,Gruber,Shared Data,green sturgeon,Sac,SDPS,Field,1,8.4,NA,4.3,,Raw data,3
ND,Gruber,Shared Data,green sturgeon,Sac,SDPS,Field,1,15.7,NA,30.4,,Raw data,3
ND,Gruber,Shared Data,green sturgeon,Sac,SDPS,Field,1,19.6,NA,66.7,,Raw data,3
ND,Gruber,Shared Data,green sturgeon,Sac,SDPS,Field,1,20.9,NA,62.2,,Raw data,3
ND,Gruber,Shared Data,green sturgeon,Sac,SDPS,Field,1,21.3,NA,60.5,,Raw data,3
ND,Gruber,Shared Data,green sturgeon,Sac,SDPS,Field,1,23.8,NA,74.8,,Raw data,3
ND,Gruber,Shared Data,green sturgeon,Sac,SDPS,Field,1,19.8,NA,51.2,,Raw data,3
ND,Gruber,Shared Data,green sturgeon,Sac,SDPS,Field,1,11.4,NA,10.6,,Raw data,3
ND,Gruber,Shared Data,green sturgeon,Sac,SDPS,Field,1,24.7,NA,105.3,,Raw data,3
ND,Gruber,Shared Data,green sturgeon,Sac,SDPS,Field,1,26.7,NA,99.5,,Raw data,3
ND,Gruber,Shared Data,green sturgeon,Sac,SDPS,Field,1,15.4,NA,23.5,,Raw data,3
ND,Gruber,Shared Data,green sturgeon,Sac,SDPS,Field,1,24.6,NA,89.5,,Raw data,3
ND,Gruber,Shared Data,green sturgeon,Sac,SDPS,Field,1,8.5,NA,4.8,,Raw data,3
ND,Gruber,Shared Data,green sturgeon,Sac,SDPS,Field,1,24,NA,98.4,,Raw data,3
ND,Gruber,Shared Data,green sturgeon,Sac,SDPS,Field,1,22.7,NA,78.3,,Raw data,3
ND,Gruber,Shared Data,green sturgeon,Sac,SDPS,Field,1,21.5,NA,72,,Raw data,3
ND,Gruber,Shared Data,green sturgeon,Sac,SDPS,Field,1,9.9,NA,6.7,,Raw data,3
ND,Gruber,Shared Data,green sturgeon,Sac,SDPS,Field,1,7.9,NA,4.2,,Raw data,3
ND,Gruber,Shared Data,green sturgeon,Sac,SDPS,Field,1,7.4,NA,2.5,,Raw data,3
ND,Gruber,Shared Data,green sturgeon,Sac,SDPS,Field,1,16.9,NA,34.4,,Raw data,3
ND,Gruber,Shared Data,green sturgeon,Sac,SDPS,Field,1,18.5,NA,40.9,,Raw data,3
ND,Gruber,Shared Data,green sturgeon,Sac,SDPS,Field,1,28.5,NA,132.4,,Raw data,3
ND,Gruber,Shared Data,green sturgeon,Sac,SDPS,Field,1,22.1,NA,65.2,,Raw data,3
ND,Gruber,Shared Data,green sturgeon,Sac,SDPS,Field,1,18.1,NA,43.5,,Raw data,3
ND,Gruber,Shared Data,green sturgeon,Sac,SDPS,Field,1,15.1,NA,26.4,,Raw data,3
ND,Gruber,Shared Data,green sturgeon,Sac,SDPS,Field,1,11.1,NA,8.7,,Raw data,3
ND,Gruber,Shared Data,green sturgeon,Sac,SDPS,Field,1,22.4,NA,69.7,,Raw data,3
ND,Gruber,Shared Data,green sturgeon,Sac,SDPS,Field,1,11.8,NA,11.8,,Raw data,3
ND,Gruber,Shared Data,green sturgeon,Sac,SDPS,Field,1,15.5,NA,26,,Raw data,3
ND,Gruber,Shared Data,green sturgeon,Sac,SDPS,Field,1,22.3,NA,68.6,,Raw data,3
ND,Gruber,Shared Data,green sturgeon,Sac,SDPS,Field,1,13,NA,15.1,,Raw data,3
ND,Gruber,Shared Data,green sturgeon,Sac,SDPS,Field,1,11.1,NA,9.2,,Raw data,3
ND,Gruber,Shared Data,green sturgeon,Sac,SDPS,Field,1,8.9,NA,6.7,,Raw data,3
ND,Gruber,Shared Data,green sturgeon,Sac,SDPS,Field,1,12.1,NA,11.3,,Raw data,3
ND,Gruber,Shared Data,green sturgeon,Sac,SDPS,Field,1,7.9,NA,3.5,,Raw data,3
ND,Gruber,Shared Data,green sturgeon,Sac,SDPS,Field,1,11.8,NA,10.4,,Raw data,3
ND,Gruber,Shared Data,green sturgeon,Sac,SDPS,Field,1,23.6,NA,72,,Raw data,3
ND,Gruber,Shared Data,green sturgeon,Sac,SDPS,Field,1,18.1,NA,38.9,,Raw data,3
ND,Gruber,Shared Data,green sturgeon,Sac,SDPS,Field,1,15.2,NA,24.2,,Raw data,3
ND,Gruber,Shared Data,green sturgeon,Sac,SDPS,Field,1,16.5,NA,30.2,,Raw data,3
ND,Gruber,Shared Data,green sturgeon,Sac,SDPS,Field,1,21.6,NA,59.1,,Raw data,3
ND,Gruber,Shared Data,green sturgeon,Sac,SDPS,Field,1,12.6,NA,13.1,,Raw data,3
ND,Gruber,Shared Data,green sturgeon,Sac,SDPS,Field,1,16.1,NA,27.6,,Raw data,3
ND,Gruber,Shared Data,green sturgeon,Sac,SDPS,Field,1,28.7,NA,155.1,,Raw data,3
ND,Gruber,Shared Data,green sturgeon,Sac,SDPS,Field,1,21.8,NA,59.7,,Raw data,3
ND,Gruber,Shared Data,green sturgeon,Sac,SDPS,Field,1,24.1,NA,80.8,,Raw data,3
ND,Gruber,Shared Data,green sturgeon,Sac,SDPS,Field,1,15.8,NA,24.8,,Raw data,3
ND,Gruber,Shared Data,green sturgeon,Sac,SDPS,Field,1,18.9,NA,43.3,,Raw data,3
ND,Gruber,Shared Data,green sturgeon,Sac,SDPS,Field,1,25.4,NA,91.9,,Raw data,3
ND,Gruber,Shared Data,green sturgeon,Sac,SDPS,Field,1,21.4,NA,62.7,,Raw data,3
